Workbook

Sheet 1
A1: รายงานการผลิตครอบประจำวัน | F1: ครอบ Prestige โรงงานสระบุรี 2/3 | L1: สัปดาห์ที่ | M1: 00/69 | Q1: วันที่ผลิต | R1: 244562 | V1: MATERIAL DOCUMENT NO
E2: จำนวนที่ผลิต | I2: ปริมาณการใช้วัตถุดิบ | P2: เถ้าลอย | R2: ปูนซีเมนต์ | T2: ปูนซีเมนต์ | V2: ทราย | X2: ทราย | Z2: Water Base | AB2: MOULD | AD2: Adva | AF2: สีพื้น | AH2: สีเหลือบ | AJ2: สีเหลือบ
A3: กะที่ | B3: LOT NO. | C3: ลอน | D3: สี | E3: (แผ่น) | R3: ผสมตัว | T3: ผสมสี | V3: ผสมตัว | X3: ผสมสี | Z3: Spray | AB3: OIL | AH3: 1 | AJ3: 2
E4: Plan | F4: Counter | G4: ห้องบ่ม | H4: Wet Reject | P4: (ตัน) | R4: (ตัน) | T4: (ตัน) | V4: (ตัน) | X4: (ตัน) | Z4: (ลิตร) | AB4: (ลิตร) | AD4: (ลิตร) | AF4: (แผ่น/ถัง) | AH4: (แผ่น/ถัง) | AJ4: (แผ่น/ถัง)
B5: I11690801 | C5: ครอบสัน | D5: มิดไนท์เกรย์*N | E5: 2000 | F5: 3648 | G5: 3310 | H5: =IF(F5=0,"",(F5-G5)/F5) -> 0.092653509 | I5: ปริมาณการใช้กะ 1 | P5: 3.445 | R5: 10.399 | T5: 0.923 | V5: 25.395 | X5: 0.554 | Z5: =90+156+80 -> 326 | AB5: =29+16 -> 45 | AD5: =SUM(AF5:AK5)*0.025 -> 1.9 | AF5: =14+14+14+10+14+10 -> 76 | AH5: 0 | AJ5: 0
A6: 1 | C6: ครอบปิดจั่ว | H6: =IF(F6=0,"",(F6-G6)/F6) | I6: คำนวณจาก Counter (ต่อพันแผ่น) | P6: =IF($F$15=0,0,P5*1000/$F$15) -> 0.28855013 | R6: =IF($F$15=0,0,R5*1000/$F$15) -> 0.87101097 | T6: =IF($F$15=0,0,T5*1000/$F$15) -> 0.077309657 | V6: =IF($F$15=0,0,V5*1000/$F$15) -> 2.1270626 | X6: =IF($F$15=0,0,X5*1000/$F$15) -> 0.046402546 | Z6: =IF($F$15=0,0,Z5*1000/$F$15) -> 27.305469 | AB6: =IF($F$15=0,0,AB5*1000/$F$15) -> 3.7691599 | AD6: =IF($F$15=0,0,AD5*1000/$F$15) -> 0.15914231 | AF6: =IF(AF5=0,0,F15/AF5) -> 157.09211 | AH6: =IF(AH5=0,0,F15/AH5) -> 0 | AJ6: =IF(AJ5=0,0,F15/AJ5) -> 0
B7: I13690801 | C7: ครอบตะเข้ | D7: มิดไนท์เกรย์*N | E7: 4000 | F7: 3513 | G7: 3251 | H7: =IF(F7=0,"",(F7-G7)/F7) -> 0.074580131 | I7: คำนวณจาก ห้องบ่ม (ต่อพันแผ่น) | P7: =IF($G$15=0,0,P5*1000/$G$15) -> 0.31730681 | R7: =IF($G$15=0,0,R5*1000/$G$15) -> 0.95781523 | T7: =IF($G$15=0,0,T5*1000/$G$15) -> 0.085014277 | V7: =IF($G$15=0,0,V5*1000/$G$15) -> 2.3390439 | X7: =IF($G$15=0,0,X5*1000/$G$15) -> 0.051026987 | Z7: =IF($G$15=0,0,Z5*1000/$G$15) -> 30.026711 | AB7: =IF($G$15=0,0,AB5*1000/$G$15) -> 4.1447914 | AD7: =IF($G$15=0,0,AD5*1000/$G$15) -> 0.1750023 | AF7: =IF(AF5=0,0,G15/AF5) -> 142.85526 | AH7: =IF(AH5=0,0,G15/AH5) -> 0 | AJ7: =IF(AJ5=0,0,G15/AJ5) -> 0
B8: I14690801 | C8: ครอบปิดปลายตะเข้ | D8: มิดไนท์เกรย์*N | E8: 2000 | F8: 1405 | G8: 1180 | H8: =IF(F8=0,"",(F8-G8)/F8) -> 0.16014235 | I8: ใช้ปูน ( Batch) | P8: =92+4+1+3+1+6+4+8+20+11 -> 150
B9: I15690801 | C9: ครอบข้างซิมเลท | D9: มิดไนท์เกรย์*N | E9: 2000 | F9: 1943 | G9: 1879 | H9: =IF(F9=0,"",(F9-G9)/F9) -> 0.032938755 | I9: ทิ้งปูน (Batct)
B10: I16690801 | C10: ครอบข้างปิดปลายซิมเลท | D10: มิดไนท์เกรย์*N | E10: 2000 | F10: 1430 | G10: 1237 | H10: =IF(F10=0,"",(F10-G10)/F10) -> 0.13496503 | I10: ทิ้งสีพื้น (ถัง)
C11: ครอบหัวผนัง | H11: =IF(F11=0,"",(F11-G11)/F11) | I11: ทิ้งสีเหลือบ (ถัง)
C12: ครอบข้างผนัง | H12: =IF(F12=0,"",(F12-G12)/F12) | I12: ใช้ผ้า (ผืน) | P12: =3+5+3+3+4+3+5+1+4+2+3+3+4+4 -> 47
C13: ครอบปั้นลม | H13: =IF(F13=0,"",(F13-G13)/F13) | I13: ใช้ผ้า (แผ่น/ผืน) | P13: =F15/P12 -> 254.02128
C14: ครอบปิดปลายปั้นลม | H14: =IF(F14=0,"",(F14-G14)/F14) | I14: ใช้ตะแกรง (แผ่น) | P14: 7
A15: รวมกะที่ 1 | E15: =SUM(E5:E14) -> 12000 | F15: =SUM(F5:F14) -> 11939 | G15: =SUM(G5:G14) -> 10857 | H15: =IF(F15=0,"",(F15-G15)/F15) -> 0.090627356 | I15: ใช้ตะแกรง (แผ่น/ผืน) | P15: =F15/P14 -> 1705.5714
C16: ครอบสัน | H16: =IF(F16=0,"",(F16-G16)/F16) | I16: ปริมาณการใช้กะ 2 | P16: 0.239 | R16: 0.72 | T16: 0.073 | V16: 1.863 | X16: 0.042 | Z16: =18+18 -> 36 | AB16: 0 | AD16: =SUM(AF16:AK16)*0.025 -> 0.15 | AF16: =6 -> 6 | AH16: 0 | AJ16: 0
A17: 2 | C17: ครอบปิดจั่ว | H17: =IF(F17=0,"",(F17-G17)/F17) | I17: คำนวณจาก Counter (ต่อพันแผ่น) | P17: =IF($F$26=0,0,P16*1000/$F$26) -> 0.26148796 | R17: =IF($F$26=0,0,R16*1000/$F$26) -> 0.78774617 | T17: =IF($F$26=0,0,T16*1000/$F$26) -> 0.079868709 | V17: =IF($F$26=0,0,V16*1000/$F$26) -> 2.0382932 | X17: =IF($F$26=0,0,X16*1000/$F$26) -> 0.04595186 | Z17: =IF($F$26=0,0,Z16*1000/$F$26) -> 39.387309 | AB17: =IF($F$26=0,0,AB16*1000/$F$26) -> 0 | AD17: =IF($F$26=0,0,AD16*1000/$F$26) -> 0.16411379 | AF17: =IF(AF16=0,0,F26/AF16) -> 152.33333 | AH17: =IF($F$26=0,0,AH16*1000/$F$26) -> 0 | AJ17: =IF($F$26=0,0,AJ16*1000/$F$26) -> 0
B18: I13690802 | C18: ครอบตะเข้ | D18: ออเบิร์น บราวน์*N | E18: 600 | F18: 914 | G18: 824 | H18: =IF(F18=0,"",(F18-G18)/F18) -> 0.098468271 | I18: คำนวณจาก ห้องบ่ม (ต่อพันแผ่น) | P18: =IF($G$26=0,0,P16*1000/$G$26) -> 0.29004854 | R18: =IF($G$26=0,0,R16*1000/$G$26) -> 0.87378641 | T18: =IF($G$26=0,0,T16*1000/$G$26) -> 0.088592233 | V18: =IF($G$26=0,0,V16*1000/$G$26) -> 2.2609223 | X18: =IF($G$26=0,0,X16*1000/$G$26) -> 0.050970874 | Z18: =IF($G$26=0,0,Z16*1000/$G$26) -> 43.68932 | AB18: =IF($G$26=0,0,AB16*1000/$G$26) -> 0 | AD18: =IF($G$26=0,0,AD16*1000/$G$26) -> 0.18203883 | AF18: =IF(AF16=0,0,G26/AF16) -> 137.33333 | AH18: =IF($G$26=0,0,AH16*1000/$G$26) -> 0 | AJ18: =IF($G$26=0,0,AJ16*1000/$G$26) -> 0
C19: ครอบปิดปลายตะเข้ | H19: =IF(F19=0,"",(F19-G19)/F19) | I19: ใช้ปูน ( Batch) | P19: =11 -> 11
C20: ครอบข้างซิมเลท | H20: =IF(F20=0,"",(F20-G20)/F20) | I20: ทิ้งปูน (Batct)
C21: ครอบข้างปิดปลายซิมเลท | H21: =IF(F21=0,"",(F21-G21)/F21) | I21: ทิ้งสีพื้น (ถัง)
C22: ครอบหัวผนัง | H22: =IF(F22=0,"",(F22-G22)/F22) | I22: ทิ้งสีเหลือบ (ถัง)
C23: ครอบข้างผนัง | H23: =IF(F23=0,"",(F23-G23)/F23) | I23: ใช้ผ้า (ผืน) | P23: =2+2 -> 4
C24: ครอบปั้นลม | H24: =IF(F24=0,"",(F24-G24)/F24) | I24: ใช้ผ้า (แผ่น/ผืน) | P24: =F26/P23 -> 228.5
C25: ครอบปิดปลายปั้นลม | H25: =IF(F25=0,"",(F25-G25)/F25) | I25: ใช้ตะแกรง (แผ่น) | P25: 2
A26: รวมกะที่ 2 | E26: =SUM(E16:E25) -> 600 | F26: =SUM(F16:F25) -> 914 | G26: =SUM(G16:G25) -> 824 | H26: =IF(F26=0,"",(F26-G26)/F26) -> 0.098468271 | I26: ใช้ตะแกรง (แผ่น/ผืน) | P26: =F26/P25 -> 457
I27: ปริมาณการใช้รวม | P27: =SUM(P5,P16) -> 3.684 | R27: =SUM(R5,R16) -> 11.119 | T27: =SUM(T5,T16) -> 0.996 | V27: =SUM(V5,V16) -> 27.258 | X27: =SUM(X5,X16) -> 0.596 | Z27: =SUM(Z5,Z16) -> 362 | AB27: =SUM(AB5,AB16) -> 45 | AD27: =SUM(AD5,AD16) -> 2.05 | AF27: =SUM(AF5,AF16) -> 82 | AH27: =SUM(AH5,AH16) -> 0 | AJ27: =SUM(AJ5,AJ16) -> 0
A28: รวมทุกกะ | E28: =E15+E26 -> 12600 | F28: =F15+F26 -> 12853 | G28: =G15+G26 -> 11681 | H28: =IF(F28=0,"",(F28-G28)/F28) -> 0.091184937 | I28: คำนวณจาก Counter (ต่อพันแผ่น) | P28: =IF($F$28=0,0,P27*1000/$F$28) -> 0.28662569 | R28: =IF($F$28=0,0,R27*1000/$F$28) -> 0.86508986 | T28: =IF($F$28=0,0,T27*1000/$F$28) -> 0.077491636 | V28: =IF($F$28=0,0,V27*1000/$F$28) -> 2.12075 | X28: =IF($F$28=0,0,X27*1000/$F$28) -> 0.046370497 | Z28: =IF($F$28=0,0,Z27*1000/$F$28) -> 28.164631 | AB28: =IF($F$28=0,0,AB27*1000/$F$28) -> 3.5011281 | AD28: =IF($F$28=0,0,AD27*1000/$F$28) -> 0.15949584 | AF28: =IF($F$28=0,0,AF27*1000/$F$28) -> 6.3798335 | AH28: =IF($F$28=0,0,AH27*1000/$F$28) -> 0 | AJ28: =IF($F$28=0,0,AJ27*1000/$F$28) -> 0
I29: คำนวณจาก ห้องบ่ม (ต่อพันแผ่น) | P29: =IF($G$28=0,0,P27*1000/$G$28) -> 0.31538396 | R29: =IF($G$28=0,0,R27*1000/$G$28) -> 0.95188768 | T29: =IF($G$28=0,0,T27*1000/$G$28) -> 0.085266672 | V29: =IF($G$28=0,0,V27*1000/$G$28) -> 2.3335331 | X29: =IF($G$28=0,0,X27*1000/$G$28) -> 0.051023029 | Z29: =IF($G$28=0,0,Z27*1000/$G$28) -> 30.990497 | AB29: =IF($G$28=0,0,AB27*1000/$G$28) -> 3.8524099 | AD29: =IF($G$28=0,0,AD27*1000/$G$28) -> 0.17549867 | AF29: =IF($G$28=0,0,AF27*1000/$G$28) -> 7.0199469 | AH29: =IF($G$28=0,0,AH27*1000/$G$28) -> 0 | AJ29: =IF($G$28=0,0,AJ27*1000/$G$28) -> 0
A31: รายงานการแกะครอบ | I31: รายละเอียดครอบเสีย | AI31: แผ่นดีนำไปกองเก็บจำนวนไม้ / แผ่น | AK31: หมายเหตุ
A32: กะที่ | B32: LOT NO. | C32: ลอน | D32: สี | E32: จำนวนที่นำมาแกะ | F32: แผ่นดี | G32: Reject | I32: แผ่นเสีย | J32: ร้าวผิว ตัวกระเบื้อง | K32: ร้าว รางลิ้นหงาย | L32: ร้าว ล่างรางลิ้นคว่ำ | M32: ร้าว ล่างตัวครอบ | N32: ร้าว ชายกระเบื้อง | O32: ร้าว เขื่อนรางลิ้นหงาย | P32: ร้าว เขื่อนรางลิ้นคว่ำ | Q32: บิ่นแหว่ง | R32: ผิวครอบปูดบวม | S32: ผิวครอบไม่เรียบ | T32: ขอบไม่คม / ไม่เรียบ | U32: รูพรุน | V32: แตกรูตะปู | W32: เนื้อแหว่งใต้ครอบ | X32: ปูนติดโมล | Y32: สี Salary ไม่เต็ม | Z32: สีเป็นเม็ด | AA32: สีพอง | AB32: สีด้าน | AC32: สีหยด | AD32: สีปูด | AE32: ครอบบาง/น้ำหนักเบา | AF32: ยกชน Rack | AG32: รถยกชน | AH32: อื่นๆ
B33: =B5 -> I11690801 | C33: ครอบสัน | D33: =D5 -> มิดไนท์เกรย์*N | E33: =G5 -> 3310 | F33: =144*22+33+6 -> 3207 | G33: =IF(E33=0,"",(E33-F33)/E33) -> 0.031117825 | I33: =SUM(J33:AH33) -> 103 | J33: =5+10+30 -> 45 | K33: =12 -> 12 | L33: =20 -> 20 | V33: 26 | AI33: 144*22+ศ.33+QC6 | AK33: จบ Lot. ส่งวันที่ 4/8/69
B34: =B6 -> 0 | C34: ครอบปิดจั่ว | D34: =D6 -> 0 | E34: 0 | G34: =IF(E34=0,"",(E34-F34)/E34) | I34: =SUM(J34:AH34) -> 0
B35: =B7 -> I13690801 | C35: ครอบตะเข้ | D35: =D7 -> มิดไนท์เกรย์*N | E35: =G7 -> 3251 | F35: =210*15+70+6 -> 3226 | G35: =IF(E35=0,"",(E35-F35)/E35) -> 0.0076899416 | I35: =SUM(J35:AH35) -> 25 | J35: =3 -> 3 | L35: =7+7 -> 14 | Q35: 2 | AB35: 5 | AF35: 1 | AI35: 210*15+ศ.70+QC6 | AK35: จบ Lot. ส่งวันที่ 4/8/69
A36: 1 | B36: =B8 -> I14690801 | C36: ครอบปิดปลายตะเข้ | D36: =D8 -> มิดไนท์เกรย์*N | E36: =G8 -> 1180 | F36: =140*7+63+6 -> 1049 | G36: =IF(E36=0,"",(E36-F36)/E36) -> 0.11101695 | I36: =SUM(J36:AH36) -> 131 | K36: 15 | O36: 20 | P36: =7+10 -> 17 | W36: =30+15 -> 45 | AB36: 34 | AI36: 140*7+ศ.63+QC6 | AK36: จบ Lot. ส่งวันที่ 4/8/69
B37: =B9 -> I15690801 | C37: ครอบข้างซิมเลท | D37: =D9 -> มิดไนท์เกรย์*N | E37: =G9 -> 1879 | F37: =280*6+141+6 -> 1827 | G37: =IF(E37=0,"",(E37-F37)/E37) -> 0.027674295 | I37: =SUM(J37:AH37) -> 52 | K37: =20+5 -> 25 | L37: 10 | Q37: 3 | AB37: =5+4 -> 9 | AF37: 5 | AI37: 280*6+ศ.141+QC6 | AK37: จบ Lot. ส่งวันที่ 4/8/69
B38: =B10 -> I16690801 | C38: ครอบข้างปิดปลายซิมเลท | D38: =D10 -> มิดไนท์เกรย์*N | E38: =G10 -> 1237 | F38: =96*11+6 -> 1062 | G38: =IF(E38=0,"",(E38-F38)/E38) -> 0.1414713 | I38: =SUM(J38:AH38) -> 175 | K38: =9+4+20+2 -> 35 | W38: =23+20+20+20+25+25 -> 133 | AF38: 7 | AI38: 96*11+QC6 | AK38: จบ Lot. ส่งวันที่ 6/8/69
B39: =B11 -> 0 | C39: ครอบหัวผนัง | D39: =D11 -> 0 | E39: =G11 -> 0 | G39: =IF(E39=0,"",(E39-F39)/E39) | I39: =SUM(J39:AH39) -> 0
B40: =B12 -> 0 | C40: ครอบข้างผนัง | D40: =D12 -> 0 | E40: =G12 -> 0 | G40: =IF(E40=0,"",(E40-F40)/E40) | I40: =SUM(J40:AH40) -> 0
B41: =B13 -> 0 | C41: ครอบปั้นลม | D41: =D13 -> 0 | E41: =G13 -> 0 | G41: =IF(E41=0,"",(E41-F41)/E41) | I41: =SUM(J41:AH41) -> 0
B42: =B14 -> 0 | C42: ครอบปิดปลายปั้นลม | D42: =D14 -> 0 | E42: =G14 -> 0 | G42: =IF(E42=0,"",(E42-F42)/E42) | I42: =SUM(J42:AH42) -> 0
A43: รวมกะที่ 1 | E43: =SUM(E33:E42) -> 10857 | F43: =SUM(F33:F42) -> 10371 | G43: =IF(E43=0,"",(E43-F43)/E43) -> 0.044763747 | I43: =SUM(J43:AH43) -> 486 | J43: =SUM(J33:J42) -> 48 | K43: =SUM(K33:K42) -> 87 | L43: =SUM(L33:L42) -> 44 | M43: =SUM(M33:M42) -> 0 | N43: =SUM(N33:N42) -> 0 | O43: =SUM(O33:O42) -> 20 | P43: =SUM(P33:P42) -> 17 | Q43: =SUM(Q33:Q42) -> 5 | ... AH43: =SUM(AH33:AH42) -> 0
B44: =B16 -> 0 | C44: ครอบสัน | D44: =D16 -> 0 | E44: =G16 -> 0 | G44: =IF(E44=0,"",(E44-F44)/E44) | I44: =SUM(J44:AH44) -> 0
B45: =B17 -> 0 | C45: ครอบปิดจั่ว | D45: =D17 -> 0 | E45: =G17 -> 0 | G45: =IF(E45=0,"",(E45-F45)/E45) | I45: =SUM(J45:AH45) -> 0
A46: 2 | B46: =B18 -> I13690802 | C46: ครอบตะเข้ | D46: =D18 -> ออเบิร์น บราวน์*N | E46: =G18 -> 824 | F46: =210*3+140+6 -> 776 | G46: =IF(E46=0,"",(E46-F46)/E46) -> 0.058252427 | I46: =SUM(J46:AH46) -> 48 | K46: 10 | M46: 5 | AH46: 33 | AI46: 210*3+ศ.140+QC6 | AK46: จบ Lot. ส่งวันที่ 4/8/69
B47: =B19 -> 0 | C47: ครอบปิดปลายตะเข้ | D47: =D19 -> 0 | E47: =G19 -> 0 | G47: =IF(E47=0,"",(E47-F47)/E47) | I47: =SUM(J47:AH47) -> 0
B48: =B20 -> 0 | C48: ครอบข้างซิมเลท | D48: =D20 -> 0 | E48: =G20 -> 0 | G48: =IF(E48=0,"",(E48-F48)/E48) | I48: =SUM(J48:AH48) -> 0
B49: =B21 -> 0 | C49: ครอบข้างปิดปลายซิมเลท | D49: =D21 -> 0 | E49: =G21 -> 0 | G49: =IF(E49=0,"",(E49-F49)/E49) | I49: =SUM(J49:AH49) -> 0
B50: =B22 -> 0 | C50: ครอบหัวผนัง | D50: =D22 -> 0 | E50: =G22 -> 0 | G50: =IF(E50=0,"",(E50-F50)/E50) | I50: =SUM(J50:AH50) -> 0
B51: =B23 -> 0 | C51: ครอบข้างผนัง | D51: =D23 -> 0 | E51: =G23 -> 0 | G51: =IF(E51=0,"",(E51-F51)/E51) | I51: =SUM(J51:AH51) -> 0
B52: =B24 -> 0 | C52: ครอบปั้นลม | D52: =D24 -> 0 | E52: =G24 -> 0 | G52: =IF(E52=0,"",(E52-F52)/E52) | I52: =SUM(J52:AH52) -> 0
B53: =B25 -> 0 | C53: ครอบปิดปลายปั้นลม | D53: =D25 -> 0 | E53: =G25 -> 0 | G53: =IF(E53=0,"",(E53-F53)/E53) | I53: =SUM(J53:AH53) -> 0
A54: รวมกะที่ 2 | E54: =SUM(E44:E53) -> 824 | F54: =SUM(F44:F53) -> 776 | G54: =IF(E54=0,"",(E54-F54)/E54) -> 0.058252427 | I54: =SUM(J54:AH54) -> 48 | J54: =SUM(J44:J53) -> 0 | K54: =SUM(K44:K53) -> 10 | L54: =SUM(L44:L53) -> 0 | M54: =SUM(M44:M53) -> 5 | N54: =SUM(N44:N53) -> 0 | O54: =SUM(O44:O53) -> 0 | P54: =SUM(P44:P53) -> 0 | Q54: =SUM(Q44:Q53) -> 0 | ... AH54: =SUM(AH44:AH53) -> 33
A55: รวมทุกกะ | E55: =E43+E54 -> 11681 | F55: =F43+F54 -> 11147 | G55: =IF(E55=0,"",(E55-F55)/E55) -> 0.045715264 | I55: =SUM(I43,I54) -> 534 | J55: =SUM(J43,J54) -> 48 | K55: =SUM(K43,K54) -> 97 | L55: =SUM(L43,L54) -> 44 | M55: =SUM(M43,M54) -> 5 | N55: =SUM(N43,N54) -> 0 | O55: =SUM(O43,O54) -> 20 | P55: =SUM(P43,P54) -> 17 | ... AH55: =SUM(AH43,AH54) -> 33
A57: ผู้ทำรายงาน | E57: หม.ผลิต | I57: หง.ผ | P57: หม.จัดบรรทุก | W57: พ.จ่ายสินค้า | AF57: ผร.
A59: สำเนาเรียน : หัวหน้างานวางแผนผลิต, พนักงานควบคุมคุณภาพ | AI59: GN-F-PD-212 (1 พฤศจิกายน 2551)

Sheet 2
A1: รายงานการผลิตครอบประจำวัน | F1: ครอบ Prestige โรงงานสระบุรี 2/3 | L1: สัปดาห์ที่ | M1: 00/69 | Q1: วันที่ผลิต | R1: 00/08/2569 | V1: MATERIAL DOCUMENT NO
E2: จำนวนที่ผลิต | I2: ปริมาณการใช้วัตถุดิบ | P2: เถ้าลอย | R2: ปูนซีเมนต์ | T2: ปูนซีเมนต์ | V2: ทราย | X2: ทราย | Z2: Water Base | AB2: MOULD | AD2: Adva | AF2: สีพื้น | AH2: สีเหลือบ | AJ2: สีเหลือบ
A3: กะที่ | B3: LOT NO. | C3: ลอน | D3: สี | E3: (แผ่น) | R3: ผสมตัว | T3: ผสมสี | V3: ผสมตัว | X3: ผสมสี | Z3: Spray | AB3: OIL | AH3: 1 | AJ3: 2
E4: Plan | F4: Counter | G4: ห้องบ่ม | H4: Wet Reject | P4: (ตัน) | R4: (ตัน) | T4: (ตัน) | V4: (ตัน) | X4: (ตัน) | Z4: (ลิตร) | AB4: (ลิตร) | AD4: (ลิตร) | AF4: (แผ่น/ถัง) | AH4: (แผ่น/ถัง) | AJ4: (แผ่น/ถัง)
C5: ครอบสัน | H5: =IF(F5=0,"",(F5-G5)/F5) | I5: ปริมาณการใช้กะ 1 | P5: 0 | R5: 0 | T5: 0 | V5: 0 | X5: 0 | Z5: 0 | AB5: 0 | AD5: =SUM(AF5:AK5)*0.025 -> 0 | AF5: 0 | AH5: 0 | AJ5: 0
A6: 1 | C6: ครอบปิดจั่ว | H6: =IF(F6=0,"",(F6-G6)/F6) | I6: คำนวณจาก Counter (ต่อพันแผ่น) | P6: =IF($F$15=0,0,P5*1000/$F$15) -> 0 | R6: =IF($F$15=0,0,R5*1000/$F$15) -> 0 | T6: =IF($F$15=0,0,T5*1000/$F$15) -> 0 | V6: =IF($F$15=0,0,V5*1000/$F$15) -> 0 | X6: =IF($F$15=0,0,X5*1000/$F$15) -> 0 | Z6: =IF($F$15=0,0,Z5*1000/$F$15) -> 0 | AB6: =IF($F$15=0,0,AB5*1000/$F$15) -> 0 | AD6: =IF($F$15=0,0,AD5*1000/$F$15) -> 0 | AF6: =IF(AF5=0,0,F15/AF5) -> 0 | AH6: =IF(AH5=0,0,F15/AH5) -> 0 | AJ6: =IF(AJ5=0,0,F15/AJ5) -> 0
C7: ครอบตะเข้ | H7: =IF(F7=0,"",(F7-G7)/F7) | I7: คำนวณจาก ห้องบ่ม (ต่อพันแผ่น) | P7: =IF($G$15=0,0,P5*1000/$G$15) -> 0 | R7: =IF($G$15=0,0,R5*1000/$G$15) -> 0 | T7: =IF($G$15=0,0,T5*1000/$G$15) -> 0 | V7: =IF($G$15=0,0,V5*1000/$G$15) -> 0 | X7: =IF($G$15=0,0,X5*1000/$G$15) -> 0 | Z7: =IF($G$15=0,0,Z5*1000/$G$15) -> 0 | AB7: =IF($G$15=0,0,AB5*1000/$G$15) -> 0 | AD7: =IF($G$15=0,0,AD5*1000/$G$15) -> 0 | AF7: =IF(AF5=0,0,G15/AF5) -> 0 | AH7: =IF(AH5=0,0,G15/AH5) -> 0 | AJ7: =IF(AJ5=0,0,G15/AJ5) -> 0
C8: ครอบปิดปลายตะเข้ | H8: =IF(F8=0,"",(F8-G8)/F8) | I8: ใช้ปูน ( Batch)
C9: ครอบข้างซิมเลท | H9: =IF(F9=0,"",(F9-G9)/F9) | I9: ทิ้งปูน (Batct)
C10: ครอบข้างปิดปลายซิมเลท | H10: =IF(F10=0,"",(F10-G10)/F10) | I10: ทิ้งสีพื้น (ถัง)
C11: ครอบหัวผนัง | H11: =IF(F11=0,"",(F11-G11)/F11) | I11: ทิ้งสีเหลือบ (ถัง)
C12: ครอบข้างผนัง | H12: =IF(F12=0,"",(F12-G12)/F12) | I12: ใช้ผ้า (ผืน)
C13: ครอบปั้นลม | H13: =IF(F13=0,"",(F13-G13)/F13) | I13: ใช้ผ้า (แผ่น/ผืน) | P13: =F15/P12 -> #DIV/0!
C14: ครอบปิดปลายปั้นลม | H14: =IF(F14=0,"",(F14-G14)/F14) | I14: ใช้ตะแกรง (แผ่น)
A15: รวมกะที่ 1 | E15: =SUM(E5:E14) -> 0 | F15: =SUM(F5:F14) -> 0 | G15: =SUM(G5:G14) -> 0 | H15: =IF(F15=0,"",(F15-G15)/F15) | I15: ใช้ตะแกรง (แผ่น/ผืน) | P15: =F15/P14 -> #DIV/0!
C16: ครอบสัน | H16: =IF(F16=0,"",(F16-G16)/F16) | I16: ปริมาณการใช้กะ 2 | P16: 0 | R16: 0 | T16: 0 | V16: 0 | X16: 0 | Z16: 0 | AB16: 0 | AD16: =SUM(AF16:AK16)*0.025 -> 0 | AF16: 0 | AH16: 0 | AJ16: 0
A17: 2 | C17: ครอบปิดจั่ว | H17: =IF(F17=0,"",(F17-G17)/F17) | I17: คำนวณจาก Counter (ต่อพันแผ่น) | P17: =IF($F$26=0,0,P16*1000/$F$26) -> 0 | R17: =IF($F$26=0,0,R16*1000/$F$26) -> 0 | T17: =IF($F$26=0,0,T16*1000/$F$26) -> 0 | V17: =IF($F$26=0,0,V16*1000/$F$26) -> 0 | X17: =IF($F$26=0,0,X16*1000/$F$26) -> 0 | Z17: =IF($F$26=0,0,Z16*1000/$F$26) -> 0 | AB17: =IF($F$26=0,0,AB16*1000/$F$26) -> 0 | AD17: =IF($F$26=0,0,AD16*1000/$F$26) -> 0 | AF17: =IF($F$26=0,0,AF16*1000/$F$26) -> 0 | AH17: =IF($F$26=0,0,AH16*1000/$F$26) -> 0 | AJ17: =IF($F$26=0,0,AJ16*1000/$F$26) -> 0
C18: ครอบตะเข้ | H18: =IF(F18=0,"",(F18-G18)/F18) | I18: คำนวณจาก ห้องบ่ม (ต่อพันแผ่น) | P18: =IF($G$26=0,0,P16*1000/$G$26) -> 0 | R18: =IF($G$26=0,0,R16*1000/$G$26) -> 0 | T18: =IF($G$26=0,0,T16*1000/$G$26) -> 0 | V18: =IF($G$26=0,0,V16*1000/$G$26) -> 0 | X18: =IF($G$26=0,0,X16*1000/$G$26) -> 0 | Z18: =IF($G$26=0,0,Z16*1000/$G$26) -> 0 | AB18: =IF($G$26=0,0,AB16*1000/$G$26) -> 0 | AD18: =IF($G$26=0,0,AD16*1000/$G$26) -> 0 | AF18: =IF($G$26=0,0,AF16*1000/$G$26) -> 0 | AH18: =IF($G$26=0,0,AH16*1000/$G$26) -> 0 | AJ18: =IF($G$26=0,0,AJ16*1000/$G$26) -> 0
C19: ครอบปิดปลายตะเข้ | H19: =IF(F19=0,"",(F19-G19)/F19) | I19: ใช้ปูน ( Batch)
C20: ครอบข้างซิมเลท | H20: =IF(F20=0,"",(F20-G20)/F20) | I20: ทิ้งปูน (Batct)
C21: ครอบข้างปิดปลายซิมเลท | H21: =IF(F21=0,"",(F21-G21)/F21) | I21: ทิ้งสีพื้น (ถัง)
C22: ครอบหัวผนัง | H22: =IF(F22=0,"",(F22-G22)/F22) | I22: ทิ้งสีเหลือบ (ถัง)
C23: ครอบข้างผนัง | H23: =IF(F23=0,"",(F23-G23)/F23) | I23: ใช้ผ้า (ผืน)
C24: ครอบปั้นลม | H24: =IF(F24=0,"",(F24-G24)/F24) | I24: ใช้ผ้า (แผ่น/ผืน) | P24: =F26/P23 -> #DIV/0!
C25: ครอบปิดปลายปั้นลม | H25: =IF(F25=0,"",(F25-G25)/F25) | I25: ใช้ตะแกรง (แผ่น)
A26: รวมกะที่ 2 | E26: =SUM(E16:E25) -> 0 | F26: =SUM(F16:F25) -> 0 | G26: =SUM(G16:G25) -> 0 | H26: =IF(F26=0,"",(F26-G26)/F26) | I26: ใช้ตะแกรง (แผ่น/ผืน) | P26: =F26/P25 -> #DIV/0!
I27: ปริมาณการใช้รวม | P27: =SUM(P5,P16) -> 0 | R27: =SUM(R5,R16) -> 0 | T27: =SUM(T5,T16) -> 0 | V27: =SUM(V5,V16) -> 0 | X27: =SUM(X5,X16) -> 0 | Z27: =SUM(Z5,Z16) -> 0 | AB27: =SUM(AB5,AB16) -> 0 | AD27: =SUM(AD5,AD16) -> 0 | AF27: =SUM(AF5,AF16) -> 0 | AH27: =SUM(AH5,AH16) -> 0 | AJ27: =SUM(AJ5,AJ16) -> 0
A28: รวมทุกกะ | E28: =E15+E26 -> 0 | F28: =F15+F26 -> 0 | G28: =G15+G26 -> 0 | H28: =IF(F28=0,"",(F28-G28)/F28) | I28: คำนวณจาก Counter (ต่อพันแผ่น) | P28: =IF($F$28=0,0,P27*1000/$F$28) -> 0 | R28: =IF($F$28=0,0,R27*1000/$F$28) -> 0 | T28: =IF($F$28=0,0,T27*1000/$F$28) -> 0 | V28: =IF($F$28=0,0,V27*1000/$F$28) -> 0 | X28: =IF($F$28=0,0,X27*1000/$F$28) -> 0 | Z28: =IF($F$28=0,0,Z27*1000/$F$28) -> 0 | AB28: =IF($F$28=0,0,AB27*1000/$F$28) -> 0 | AD28: =IF($F$28=0,0,AD27*1000/$F$28) -> 0 | AF28: =IF($F$28=0,0,AF27*1000/$F$28) -> 0 | AH28: =IF($F$28=0,0,AH27*1000/$F$28) -> 0 | AJ28: =IF($F$28=0,0,AJ27*1000/$F$28) -> 0
I29: คำนวณจาก ห้องบ่ม (ต่อพันแผ่น) | P29: =IF($G$28=0,0,P27*1000/$G$28) -> 0 | R29: =IF($G$28=0,0,R27*1000/$G$28) -> 0 | T29: =IF($G$28=0,0,T27*1000/$G$28) -> 0 | V29: =IF($G$28=0,0,V27*1000/$G$28) -> 0 | X29: =IF($G$28=0,0,X27*1000/$G$28) -> 0 | Z29: =IF($G$28=0,0,Z27*1000/$G$28) -> 0 | AB29: =IF($G$28=0,0,AB27*1000/$G$28) -> 0 | AD29: =IF($G$28=0,0,AD27*1000/$G$28) -> 0 | AF29: =IF($G$28=0,0,AF27*1000/$G$28) -> 0 | AH29: =IF($G$28=0,0,AH27*1000/$G$28) -> 0 | AJ29: =IF($G$28=0,0,AJ27*1000/$G$28) -> 0
A31: รายงานการแกะครอบ | I31: รายละเอียดครอบเสีย | AI31: แผ่นดีนำไปกองเก็บจำนวนไม้ / แผ่น | AK31: หมายเหตุ
A32: กะที่ | B32: LOT NO. | C32: ลอน | D32: สี | E32: จำนวนที่นำมาแกะ | F32: แผ่นดี | G32: Reject | I32: แผ่นเสีย | J32: ร้าวผิว ตัวกระเบื้อง | K32: ร้าว รางลิ้นหงาย | L32: ร้าว ล่างรางลิ้นคว่ำ | M32: ร้าว ล่างตัวครอบ | N32: ร้าว ชายกระเบื้อง | O32: ร้าว เขื่อนรางลิ้นหงาย | P32: ร้าว เขื่อนรางลิ้นคว่ำ | Q32: บิ่นแหว่ง | R32: ผิวครอบปูดบวม | S32: ผิวครอบไม่เรียบ | T32: ขอบไม่คม / ไม่เรียบ | U32: รูพรุน | V32: แตกรูตะปู | W32: เนื้อแหว่งใต้ครอบ | X32: ปูนติดโมล | Y32: สี Salary ไม่เต็ม | Z32: สีเป็นเม็ด | AA32: สีพอง | AB32: สีด้าน | AC32: สีหยด | AD32: สีปูด | AE32: ครอบบาง/น้ำหนักเบา | AF32: ยกชน Rack | AG32: รถยกชน | AH32: อื่นๆ
B33: =B5 -> 0 | C33: ครอบสัน | D33: =D5 -> 0 | E33: =G5 -> 0 | G33: =IF(E33=0,"",(E33-F33)/E33) | I33: =SUM(J33:AH33) -> 0
B34: =B6 -> 0 | C34: ครอบปิดจั่ว | D34: =D6 -> 0 | E34: =G6 -> 0 | G34: =IF(E34=0,"",(E34-F34)/E34) | I34: =SUM(J34:AH34) -> 0
B35: =B7 -> 0 | C35: ครอบตะเข้ | D35: =D7 -> 0 | E35: 0 | G35: =IF(E35=0,"",(E35-F35)/E35) | I35: =SUM(J35:AH35) -> 0
A36: 1 | B36: =B8 -> 0 | C36: ครอบปิดปลายตะเข้ | D36: =D8 -> 0 | E36: =G8 -> 0 | G36: =IF(E36=0,"",(E36-F36)/E36) | I36: =SUM(J36:AH36) -> 0
B37: =B9 -> 0 | C37: ครอบข้างซิมเลท | D37: =D9 -> 0 | E37: =G9 -> 0 | G37: =IF(E37=0,"",(E37-F37)/E37) | I37: =SUM(J37:AH37) -> 0
B38: =B10 -> 0 | C38: ครอบข้างปิดปลายซิมเลท | D38: =D10 -> 0 | E38: =G10 -> 0 | G38: =IF(E38=0,"",(E38-F38)/E38) | I38: =SUM(J38:AH38) -> 0
B39: =B11 -> 0 | C39: ครอบหัวผนัง | D39: =D11 -> 0 | E39: =G11 -> 0 | G39: =IF(E39=0,"",(E39-F39)/E39) | I39: =SUM(J39:AH39) -> 0
B40: =B12 -> 0 | C40: ครอบข้างผนัง | D40: =D12 -> 0 | E40: =G12 -> 0 | G40: =IF(E40=0,"",(E40-F40)/E40) | I40: =SUM(J40:AH40) -> 0
B41: =B13 -> 0 | C41: ครอบปั้นลม | D41: =D13 -> 0 | E41: =G13 -> 0 | G41: =IF(E41=0,"",(E41-F41)/E41) | I41: =SUM(J41:AH41) -> 0
B42: =B14 -> 0 | C42: ครอบปิดปลายปั้นลม | D42: =D14 -> 0 | E42: =G14 -> 0 | G42: =IF(E42=0,"",(E42-F42)/E42) | I42: =SUM(J42:AH42) -> 0
A43: รวมกะที่ 1 | E43: =SUM(E33:E42) -> 0 | F43: =SUM(F33:F42) -> 0 | G43: =IF(E43=0,"",(E43-F43)/E43) | I43: =SUM(J43:AH43) -> 0 | J43: =SUM(J33:J42) -> 0 | K43: =SUM(K33:K42) -> 0 | L43: =SUM(L33:L42) -> 0 | M43: =SUM(M33:M42) -> 0 | N43: =SUM(N33:N42) -> 0 | O43: =SUM(O33:O42) -> 0 | P43: =SUM(P33:P42) -> 0 | Q43: =SUM(Q33:Q42) -> 0 | ... AH43: =SUM(AH33:AH42) -> 0
B44: =B16 -> 0 | C44: ครอบสัน | D44: =D16 -> 0 | E44: =G16 -> 0 | G44: =IF(E44=0,"",(E44-F44)/E44) | I44: =SUM(J44:AH44) -> 0
B45: =B17 -> 0 | C45: ครอบปิดจั่ว | D45: =D17 -> 0 | E45: =G17 -> 0 | G45: =IF(E45=0,"",(E45-F45)/E45) | I45: =SUM(J45:AH45) -> 0
A46: 2 | B46: =B18 -> 0 | C46: ครอบตะเข้ | D46: =D18 -> 0 | E46: =G18 -> 0 | G46: =IF(E46=0,"",(E46-F46)/E46) | I46: =SUM(J46:AH46) -> 0
B47: =B19 -> 0 | C47: ครอบปิดปลายตะเข้ | D47: =D19 -> 0 | E47: =G19 -> 0 | G47: =IF(E47=0,"",(E47-F47)/E47) | I47: =SUM(J47:AH47) -> 0
B48: =B20 -> 0 | C48: ครอบข้างซิมเลท | D48: =D20 -> 0 | E48: =G20 -> 0 | G48: =IF(E48=0,"",(E48-F48)/E48) | I48: =SUM(J48:AH48) -> 0
B49: =B21 -> 0 | C49: ครอบข้างปิดปลายซิมเลท | D49: =D21 -> 0 | E49: =G21 -> 0 | G49: =IF(E49=0,"",(E49-F49)/E49) | I49: =SUM(J49:AH49) -> 0
B50: =B22 -> 0 | C50: ครอบหัวผนัง | D50: =D22 -> 0 | E50: =G22 -> 0 | G50: =IF(E50=0,"",(E50-F50)/E50) | I50: =SUM(J50:AH50) -> 0
B51: =B23 -> 0 | C51: ครอบข้างผนัง | D51: =D23 -> 0 | E51: =G23 -> 0 | G51: =IF(E51=0,"",(E51-F51)/E51) | I51: =SUM(J51:AH51) -> 0
B52: =B24 -> 0 | C52: ครอบปั้นลม | D52: =D24 -> 0 | E52: =G24 -> 0 | G52: =IF(E52=0,"",(E52-F52)/E52) | I52: =SUM(J52:AH52) -> 0
B53: =B25 -> 0 | C53: ครอบปิดปลายปั้นลม | D53: =D25 -> 0 | E53: =G25 -> 0 | G53: =IF(E53=0,"",(E53-F53)/E53) | I53: =SUM(J53:AH53) -> 0
A54: รวมกะที่ 2 | E54: =SUM(E44:E53) -> 0 | F54: =SUM(F44:F53) -> 0 | G54: =IF(E54=0,"",(E54-F54)/E54) | I54: =SUM(J54:AH54) -> 0 | J54: =SUM(J44:J53) -> 0 | K54: =SUM(K44:K53) -> 0 | L54: =SUM(L44:L53) -> 0 | M54: =SUM(M44:M53) -> 0 | N54: =SUM(N44:N53) -> 0 | O54: =SUM(O44:O53) -> 0 | P54: =SUM(P44:P53) -> 0 | Q54: =SUM(Q44:Q53) -> 0 | ... AH54: =SUM(AH44:AH53) -> 0
A55: รวมทุกกะ | E55: =E43+E54 -> 0 | F55: =F43+F54 -> 0 | G55: =IF(E55=0,"",(E55-F55)/E55) | I55: =SUM(I43,I54) -> 0 | J55: =SUM(J43,J54) -> 0 | K55: =SUM(K43,K54) -> 0 | L55: =SUM(L43,L54) -> 0 | M55: =SUM(M43,M54) -> 0 | N55: =SUM(N43,N54) -> 0 | O55: =SUM(O43,O54) -> 0 | P55: =SUM(P43,P54) -> 0 | ... AH55: =SUM(AH43,AH54) -> 0
A57: ผู้ทำรายงาน | E57: หม.ผลิต | I57: หง.ผ | P57: หม.จัดบรรทุก | W57: พ.จ่ายสินค้า | AF57: ผร.
A59: สำเนาเรียน : หัวหน้างานวางแผนผลิต, พนักงานควบคุมคุณภาพ | AI59: GN-F-PD-212 (1 พฤศจิกายน 2551)

Sheet 3
A1: รายงานการผลิตครอบประจำวัน | F1: ครอบ Prestige โรงงานสระบุรี 2/3 | L1: สัปดาห์ที่ | M1: 00/69 | Q1: วันที่ผลิต | R1: 244564 | V1: MATERIAL DOCUMENT NO
E2: จำนวนที่ผลิต | I2: ปริมาณการใช้วัตถุดิบ | P2: เถ้าลอย | R2: ปูนซีเมนต์ | T2: ปูนซีเมนต์ | V2: ทราย | X2: ทราย | Z2: Water Base | AB2: MOULD | AD2: Adva | AF2: สีพื้น | AH2: สีเหลือบ | AJ2: สีเหลือบ
A3: กะที่ | B3: LOT NO. | C3: ลอน | D3: สี | E3: (แผ่น) | R3: ผสมตัว | T3: ผสมสี | V3: ผสมตัว | X3: ผสมสี | Z3: Spray | AB3: OIL | AH3: 1 | AJ3: 2
E4: Plan | F4: Counter | G4: ห้องบ่ม | H4: Wet Reject | P4: (ตัน) | R4: (ตัน) | T4: (ตัน) | V4: (ตัน) | X4: (ตัน) | Z4: (ลิตร) | AB4: (ลิตร) | AD4: (ลิตร) | AF4: (แผ่น/ถัง) | AH4: (แผ่น/ถัง) | AJ4: (แผ่น/ถัง)
B5: I11690803 | C5: ครอบสัน | D5: มิดไนท์เกรย์*N | E5: 2000 | F5: 5217 | G5: 4676 | H5: =IF(F5=0,"",(F5-G5)/F5) -> 0.10369944 | I5: ปริมาณการใช้กะ 1 | P5: 4.868 | R5: 14.641 | T5: 1.47 | V5: 37.565 | X5: 0.855 | Z5: =120+200+200+28 -> 548 | AB5: =30+34 -> 64 | AD5: =SUM(AF5:AK5)*0.025 -> 3 | AF5: =14+14+14+14+8+14+14+14+14 -> 120 | AH5: 0 | AJ5: 0
A6: 1 | B6: I12690803 | C6: ครอบปิดจั่ว | D6: มิดไนท์เกรย์*N | E6: 0 | F6: 99 | G6: 99 | H6: =IF(F6=0,"",(F6-G6)/F6) -> 0 | I6: คำนวณจาก Counter (ต่อพันแผ่น) | P6: =IF($F$15=0,0,P5*1000/$F$15) -> 0.25587385 | R6: =IF($F$15=0,0,R5*1000/$F$15) -> 0.76956636 | T6: =IF($F$15=0,0,T5*1000/$F$15) -> 0.077266754 | V6: =IF($F$15=0,0,V5*1000/$F$15) -> 1.9745072 | X6: =IF($F$15=0,0,X5*1000/$F$15) -> 0.044940867 | Z6: =IF($F$15=0,0,Z5*1000/$F$15) -> 28.804205 | AB6: =IF($F$15=0,0,AB5*1000/$F$15) -> 3.3639947 | AD6: =IF($F$15=0,0,AD5*1000/$F$15) -> 0.15768725 | AF6: =IF(AF5=0,0,F15/AF5) -> 158.54167 | AH6: =IF(AH5=0,0,F15/AH5) -> 0 | AJ6: =IF(AJ5=0,0,F15/AJ5) -> 0
B7: I13690803 | C7: ครอบตะเข้ | D7: มิดไนท์เกรย์*N | E7: 6000 | F7: 8222 | G7: 7613 | H7: =IF(F7=0,"",(F7-G7)/F7) -> 0.074069569 | I7: คำนวณจาก ห้องบ่ม (ต่อพันแผ่น) | P7: =IF($G$15=0,0,P5*1000/$G$15) -> 0.27813964 | R7: =IF($G$15=0,0,R5*1000/$G$15) -> 0.83653297 | T7: =IF($G$15=0,0,T5*1000/$G$15) -> 0.083990401 | V7: =IF($G$15=0,0,V5*1000/$G$15) -> 2.1463261 | X7: =IF($G$15=0,0,X5*1000/$G$15) -> 0.04885156 | Z7: =IF($G$15=0,0,Z5*1000/$G$15) -> 31.310707 | AB7: =IF($G$15=0,0,AB5*1000/$G$15) -> 3.6567249 | AD7: =IF($G$15=0,0,AD5*1000/$G$15) -> 0.17140898 | AF7: =IF(AF5=0,0,G15/AF5) -> 145.85 | AH7: =IF(AH5=0,0,G15/AH5) -> 0 | AJ7: =IF(AJ5=0,0,G15/AJ5) -> 0
B8: I14690803 | C8: ครอบปิดปลายตะเข้ | D8: มิดไนท์เกรย์*N | E8: 2000 | F8: 2586 | G8: 2360 | H8: =IF(F8=0,"",(F8-G8)/F8) -> 0.087393658 | I8: ใช้ปูน ( Batch) | P8: =92+46+45+16+9+5+5 -> 218
B9: I15690803 | C9: ครอบข้างซิมเลท | D9: มิดไนท์เกรย์*N | E9: 2000 | F9: 2901 | G9: 2754 | H9: =IF(F9=0,"",(F9-G9)/F9) -> 0.050672182 | I9: ทิ้งปูน (Batct)
C10: ครอบข้างปิดปลายซิมเลท | H10: =IF(F10=0,"",(F10-G10)/F10) | I10: ทิ้งสีพื้น (ถัง)
C11: ครอบหัวผนัง | H11: =IF(F11=0,"",(F11-G11)/F11) | I11: ทิ้งสีเหลือบ (ถัง)
C12: ครอบข้างผนัง | H12: =IF(F12=0,"",(F12-G12)/F12) | I12: ใช้ผ้า (ผืน) | P12: =5+5+3+5+4+5+7+6+3+6+4+5+7+6 -> 71
C13: ครอบปั้นลม | H13: =IF(F13=0,"",(F13-G13)/F13) | I13: ใช้ผ้า (แผ่น/ผืน) | P13: =F15/P12 -> 267.95775
C14: ครอบปิดปลายปั้นลม | H14: =IF(F14=0,"",(F14-G14)/F14) | I14: ใช้ตะแกรง (แผ่น) | P14: 7
A15: รวมกะที่ 1 | E15: =SUM(E5:E14) -> 12000 | F15: =SUM(F5:F14) -> 19025 | G15: =SUM(G5:G14) -> 17502 | H15: =IF(F15=0,"",(F15-G15)/F15) -> 0.080052562 | I15: ใช้ตะแกรง (แผ่น/ผืน) | P15: =F15/P14 -> 2717.8571
C16: ครอบสัน | H16: =IF(F16=0,"",(F16-G16)/F16) | I16: ปริมาณการใช้กะ 2 | P16: 0 | R16: 0 | T16: 0 | V16: 0 | X16: 0 | Z16: 0 | AB16: 0 | AD16: =SUM(AF16:AK16)*0.025 -> 0 | AF16: 0 | AH16: 0 | AJ16: 0
A17: 2 | C17: ครอบปิดจั่ว | H17: =IF(F17=0,"",(F17-G17)/F17) | I17: คำนวณจาก Counter (ต่อพันแผ่น) | P17: =IF($F$26=0,0,P16*1000/$F$26) -> 0 | R17: =IF($F$26=0,0,R16*1000/$F$26) -> 0 | T17: =IF($F$26=0,0,T16*1000/$F$26) -> 0 | V17: =IF($F$26=0,0,V16*1000/$F$26) -> 0 | X17: =IF($F$26=0,0,X16*1000/$F$26) -> 0 | Z17: =IF($F$26=0,0,Z16*1000/$F$26) -> 0 | AB17: =IF($F$26=0,0,AB16*1000/$F$26) -> 0 | AD17: =IF($F$26=0,0,AD16*1000/$F$26) -> 0 | AF17: =IF(AF16=0,0,F26/AF16) -> 0 | AH17: =IF($F$26=0,0,AH16*1000/$F$26) -> 0 | AJ17: =IF($F$26=0,0,AJ16*1000/$F$26) -> 0
C18: ครอบตะเข้ | H18: =IF(F18=0,"",(F18-G18)/F18) | I18: คำนวณจาก ห้องบ่ม (ต่อพันแผ่น) | P18: =IF($G$26=0,0,P16*1000/$G$26) -> 0 | R18: =IF($G$26=0,0,R16*1000/$G$26) -> 0 | T18: =IF($G$26=0,0,T16*1000/$G$26) -> 0 | V18: =IF($G$26=0,0,V16*1000/$G$26) -> 0 | X18: =IF($G$26=0,0,X16*1000/$G$26) -> 0 | Z18: =IF($G$26=0,0,Z16*1000/$G$26) -> 0 | AB18: =IF($G$26=0,0,AB16*1000/$G$26) -> 0 | AD18: =IF($G$26=0,0,AD16*1000/$G$26) -> 0 | AF18: =IF(AF16=0,0,G26/AF16) -> 0 | AH18: =IF($G$26=0,0,AH16*1000/$G$26) -> 0 | AJ18: =IF($G$26=0,0,AJ16*1000/$G$26) -> 0
C19: ครอบปิดปลายตะเข้ | H19: =IF(F19=0,"",(F19-G19)/F19) | I19: ใช้ปูน ( Batch)
C20: ครอบข้างซิมเลท | H20: =IF(F20=0,"",(F20-G20)/F20) | I20: ทิ้งปูน (Batct)
C21: ครอบข้างปิดปลายซิมเลท | H21: =IF(F21=0,"",(F21-G21)/F21) | I21: ทิ้งสีพื้น (ถัง)
C22: ครอบหัวผนัง | H22: =IF(F22=0,"",(F22-G22)/F22) | I22: ทิ้งสีเหลือบ (ถัง)
C23: ครอบข้างผนัง | H23: =IF(F23=0,"",(F23-G23)/F23) | I23: ใช้ผ้า (ผืน)
C24: ครอบปั้นลม | H24: =IF(F24=0,"",(F24-G24)/F24) | I24: ใช้ผ้า (แผ่น/ผืน) | P24: =F26/P23 -> #DIV/0!
C25: ครอบปิดปลายปั้นลม | H25: =IF(F25=0,"",(F25-G25)/F25) | I25: ใช้ตะแกรง (แผ่น)
A26: รวมกะที่ 2 | E26: =SUM(E16:E25) -> 0 | F26: =SUM(F16:F25) -> 0 | G26: =SUM(G16:G25) -> 0 | H26: =IF(F26=0,"",(F26-G26)/F26) | I26: ใช้ตะแกรง (แผ่น/ผืน) | P26: =F26/P25 -> #DIV/0!
I27: ปริมาณการใช้รวม | P27: =SUM(P5,P16) -> 4.868 | R27: =SUM(R5,R16) -> 14.641 | T27: =SUM(T5,T16) -> 1.47 | V27: =SUM(V5,V16) -> 37.565 | X27: =SUM(X5,X16) -> 0.855 | Z27: =SUM(Z5,Z16) -> 548 | AB27: =SUM(AB5,AB16) -> 64 | AD27: =SUM(AD5,AD16) -> 3 | AF27: =SUM(AF5,AF16) -> 120 | AH27: =SUM(AH5,AH16) -> 0 | AJ27: =SUM(AJ5,AJ16) -> 0
A28: รวมทุกกะ | E28: =E15+E26 -> 12000 | F28: =F15+F26 -> 19025 | G28: =G15+G26 -> 17502 | H28: =IF(F28=0,"",(F28-G28)/F28) -> 0.080052562 | I28: คำนวณจาก Counter (ต่อพันแผ่น) | P28: =IF($F$28=0,0,P27*1000/$F$28) -> 0.25587385 | R28: =IF($F$28=0,0,R27*1000/$F$28) -> 0.76956636 | T28: =IF($F$28=0,0,T27*1000/$F$28) -> 0.077266754 | V28: =IF($F$28=0,0,V27*1000/$F$28) -> 1.9745072 | X28: =IF($F$28=0,0,X27*1000/$F$28) -> 0.044940867 | Z28: =IF($F$28=0,0,Z27*1000/$F$28) -> 28.804205 | AB28: =IF($F$28=0,0,AB27*1000/$F$28) -> 3.3639947 | AD28: =IF($F$28=0,0,AD27*1000/$F$28) -> 0.15768725 | AF28: =IF($F$28=0,0,AF27*1000/$F$28) -> 6.3074901 | AH28: =IF($F$28=0,0,AH27*1000/$F$28) -> 0 | AJ28: =IF($F$28=0,0,AJ27*1000/$F$28) -> 0
I29: คำนวณจาก ห้องบ่ม (ต่อพันแผ่น) | P29: =IF($G$28=0,0,P27*1000/$G$28) -> 0.27813964 | R29: =IF($G$28=0,0,R27*1000/$G$28) -> 0.83653297 | T29: =IF($G$28=0,0,T27*1000/$G$28) -> 0.083990401 | V29: =IF($G$28=0,0,V27*1000/$G$28) -> 2.1463261 | X29: =IF($G$28=0,0,X27*1000/$G$28) -> 0.04885156 | Z29: =IF($G$28=0,0,Z27*1000/$G$28) -> 31.310707 | AB29: =IF($G$28=0,0,AB27*1000/$G$28) -> 3.6567249 | AD29: =IF($G$28=0,0,AD27*1000/$G$28) -> 0.17140898 | AF29: =IF($G$28=0,0,AF27*1000/$G$28) -> 6.8563593 | AH29: =IF($G$28=0,0,AH27*1000/$G$28) -> 0 | AJ29: =IF($G$28=0,0,AJ27*1000/$G$28) -> 0
A31: รายงานการแกะครอบ | I31: รายละเอียดครอบเสีย | AI31: แผ่นดีนำไปกองเก็บจำนวนไม้ / แผ่น | AK31: หมายเหตุ
A32: กะที่ | B32: LOT NO. | C32: ลอน | D32: สี | E32: จำนวนที่นำมาแกะ | F32: แผ่นดี | G32: Reject | I32: แผ่นเสีย | J32: ร้าวผิว ตัวกระเบื้อง | K32: ร้าว รางลิ้นหงาย | L32: ร้าว ล่างรางลิ้นคว่ำ | M32: ร้าว ล่างตัวครอบ | N32: ร้าว ชายกระเบื้อง | O32: ร้าว เขื่อนรางลิ้นหงาย | P32: ร้าว เขื่อนรางลิ้นคว่ำ | Q32: บิ่นแหว่ง | R32: ผิวครอบปูดบวม | S32: ผิวครอบไม่เรียบ | T32: ขอบไม่คม / ไม่เรียบ | U32: รูพรุน | V32: แตกรูตะปู | W32: เนื้อแหว่งใต้ครอบ | X32: ปูนติดโมล | Y32: สี Salary ไม่เต็ม | Z32: สีเป็นเม็ด | AA32: สีพอง | AB32: สีด้าน | AC32: สีหยด | AD32: สีปูด | AE32: ครอบบาง/น้ำหนักเบา | AF32: ยกชน Rack | AG32: รถยกชน | AH32: อื่นๆ
B33: =B5 -> I11690803 | C33: ครอบสัน | D33: =D5 -> มิดไนท์เกรย์*N | E33: =G5 -> 4676 | F33: =144*30+105+6 -> 4431 | G33: =IF(E33=0,"",(E33-F33)/E33) -> 0.05239521 | I33: =SUM(J33:AH33) -> 245 | J33: =1 -> 1 | K33: =5+26 -> 31 | L33: =40+75+8 -> 123 | R33: 1 | V33: =11 -> 11 | W33: =45 -> 45 | Y33: =5 -> 5 | AC33: =5+3 -> 8 | AD33: =8 -> 8 | AF33: =2+10 -> 12 | AI33: 144*30+ศ.105+QC6 | AK33: จบ Lot. ส่งวันที่ 5/8/69
B34: =B6 -> I12690803 | C34: ครอบปิดจั่ว | D34: =D6 -> มิดไนท์เกรย์*N | E34: =G6 -> 99 | F34: =40*2+19 -> 99 | G34: =IF(E34=0,"",(E34-F34)/E34) -> 0 | I34: =SUM(J34:AH34) -> 0 | AI34: 40*2+ศ.19 | AK34: จบ Lot. ส่งวันที่ 8/8/69
B35: =B7 -> I13690803 | C35: ครอบตะเข้ | D35: =D7 -> มิดไนท์เกรย์*N | E35: =G7 -> 7613 | F35: =210*35+14+6 -> 7370 | G35: =IF(E35=0,"",(E35-F35)/E35) -> 0.031919086 | I35: =SUM(J35:AH35) -> 243 | J35: 7 | K35: =2+2+5+2+15+3+3+10+11 -> 53 | L35: =2+3+20+5 -> 30 | V35: =20+10+15 -> 45 | W35: =5+10+2 -> 17 | AB35: =243-152 -> 91 | AI35: 210*35+ศ.14+QC6 | AK35: จบ Lot. ส่งวันที่ 6/8/69
A36: 1 | B36: =B8 -> I14690803 | C36: ครอบปิดปลายตะเข้ | D36: =D8 -> มิดไนท์เกรย์*N | E36: =G8 -> 2360 | F36: =140*14+120+6 -> 2086 | G36: =IF(E36=0,"",(E36-F36)/E36) -> 0.11610169 | I36: =SUM(J36:AH36) -> 274 | K36: =32+50+55 -> 137 | L36: =40 -> 40 | Q36: =15 -> 15 | V36: =17 -> 17 | W36: =5+40+15 -> 60 | AC36: =5 -> 5 | AI36: 140*14+ศ.120+QC6 | AK36: จบ Lot. ส่งวันที่ 5/8/69
B37: =B9 -> I15690803 | C37: ครอบข้างซิมเลท | D37: =D9 -> มิดไนท์เกรย์*N | E37: =G9 -> 2754 | F37: =280*9+180+6 -> 2706 | G37: =IF(E37=0,"",(E37-F37)/E37) -> 0.017429194 | I37: =SUM(J37:AH37) -> 48 | K37: 22 | L37: 9 | R37: 2 | W37: 1 | AC37: 4 | AF37: 10 | AI37: 280*9+ศ.180+QC6 | AK37: จบ Lot. ส่งวันที่ 5/8/69
B38: =B10 -> 0 | C38: ครอบข้างปิดปลายซิมเลท | D38: =D10 -> 0 | E38: =G10 -> 0 | G38: =IF(E38=0,"",(E38-F38)/E38) | I38: =SUM(J38:AH38) -> 0
B39: =B11 -> 0 | C39: ครอบหัวผนัง | D39: =D11 -> 0 | E39: =G11 -> 0 | G39: =IF(E39=0,"",(E39-F39)/E39) | I39: =SUM(J39:AH39) -> 0
B40: =B12 -> 0 | C40: ครอบข้างผนัง | D40: =D12 -> 0 | E40: =G12 -> 0 | G40: =IF(E40=0,"",(E40-F40)/E40) | I40: =SUM(J40:AH40) -> 0
B41: =B13 -> 0 | C41: ครอบปั้นลม | D41: =D13 -> 0 | E41: =G13 -> 0 | G41: =IF(E41=0,"",(E41-F41)/E41) | I41: =SUM(J41:AH41) -> 0
B42: =B14 -> 0 | C42: ครอบปิดปลายปั้นลม | D42: =D14 -> 0 | E42: =G14 -> 0 | G42: =IF(E42=0,"",(E42-F42)/E42) | I42: =SUM(J42:AH42) -> 0
A43: รวมกะที่ 1 | E43: =SUM(E33:E42) -> 17502 | F43: =SUM(F33:F42) -> 16692 | G43: =IF(E43=0,"",(E43-F43)/E43) -> 0.046280425 | I43: =SUM(J43:AH43) -> 810 | J43: =SUM(J33:J42) -> 8 | K43: =SUM(K33:K42) -> 243 | L43: =SUM(L33:L42) -> 202 | M43: =SUM(M33:M42) -> 0 | N43: =SUM(N33:N42) -> 0 | O43: =SUM(O33:O42) -> 0 | P43: =SUM(P33:P42) -> 0 | Q43: =SUM(Q33:Q42) -> 15 | ... AH43: =SUM(AH33:AH42) -> 0
B44: =B16 -> 0 | C44: ครอบสัน | D44: =D16 -> 0 | E44: =G16 -> 0 | G44: =IF(E44=0,"",(E44-F44)/E44) | I44: =SUM(J44:AH44) -> 0
B45: =B17 -> 0 | C45: ครอบปิดจั่ว | D45: =D17 -> 0 | E45: =G17 -> 0 | G45: =IF(E45=0,"",(E45-F45)/E45) | I45: =SUM(J45:AH45) -> 0
A46: 2 | B46: =B18 -> 0 | C46: ครอบตะเข้ | D46: =D18 -> 0 | E46: =G18 -> 0 | G46: =IF(E46=0,"",(E46-F46)/E46) | I46: =SUM(J46:AH46) -> 0
B47: =B19 -> 0 | C47: ครอบปิดปลายตะเข้ | D47: =D19 -> 0 | E47: =G19 -> 0 | G47: =IF(E47=0,"",(E47-F47)/E47) | I47: =SUM(J47:AH47) -> 0
B48: =B20 -> 0 | C48: ครอบข้างซิมเลท | D48: =D20 -> 0 | E48: =G20 -> 0 | G48: =IF(E48=0,"",(E48-F48)/E48) | I48: =SUM(J48:AH48) -> 0
B49: =B21 -> 0 | C49: ครอบข้างปิดปลายซิมเลท | D49: =D21 -> 0 | E49: =G21 -> 0 | G49: =IF(E49=0,"",(E49-F49)/E49) | I49: =SUM(J49:AH49) -> 0
B50: =B22 -> 0 | C50: ครอบหัวผนัง | D50: =D22 -> 0 | E50: =G22 -> 0 | G50: =IF(E50=0,"",(E50-F50)/E50) | I50: =SUM(J50:AH50) -> 0
B51: =B23 -> 0 | C51: ครอบข้างผนัง | D51: =D23 -> 0 | E51: =G23 -> 0 | G51: =IF(E51=0,"",(E51-F51)/E51) | I51: =SUM(J51:AH51) -> 0
B52: =B24 -> 0 | C52: ครอบปั้นลม | D52: =D24 -> 0 | E52: =G24 -> 0 | G52: =IF(E52=0,"",(E52-F52)/E52) | I52: =SUM(J52:AH52) -> 0
B53: =B25 -> 0 | C53: ครอบปิดปลายปั้นลม | D53: =D25 -> 0 | E53: =G25 -> 0 | G53: =IF(E53=0,"",(E53-F53)/E53) | I53: =SUM(J53:AH53) -> 0
A54: รวมกะที่ 2 | E54: =SUM(E44:E53) -> 0 | F54: =SUM(F44:F53) -> 0 | G54: =IF(E54=0,"",(E54-F54)/E54) | I54: =SUM(J54:AH54) -> 0 | J54: =SUM(J44:J53) -> 0 | K54: =SUM(K44:K53) -> 0 | L54: =SUM(L44:L53) -> 0 | M54: =SUM(M44:M53) -> 0 | N54: =SUM(N44:N53) -> 0 | O54: =SUM(O44:O53) -> 0 | P54: =SUM(P44:P53) -> 0 | Q54: =SUM(Q44:Q53) -> 0 | ... AH54: =SUM(AH44:AH53) -> 0
A55: รวมทุกกะ | E55: =E43+E54 -> 17502 | F55: =F43+F54 -> 16692 | G55: =IF(E55=0,"",(E55-F55)/E55) -> 0.046280425 | I55: =SUM(I43,I54) -> 810 | J55: =SUM(J43,J54) -> 8 | K55: =SUM(K43,K54) -> 243 | L55: =SUM(L43,L54) -> 202 | M55: =SUM(M43,M54) -> 0 | N55: =SUM(N43,N54) -> 0 | O55: =SUM(O43,O54) -> 0 | P55: =SUM(P43,P54) -> 0 | ... AH55: =SUM(AH43,AH54) -> 0
A57: ผู้ทำรายงาน | E57: หม.ผลิต | I57: หง.ผ | P57: หม.จัดบรรทุก | W57: พ.จ่ายสินค้า | AF57: ผร.
A59: สำเนาเรียน : หัวหน้างานวางแผนผลิต, พนักงานควบคุมคุณภาพ | AI59: GN-F-PD-212 (1 พฤศจิกายน 2551)

Sheet 4
A1: รายงานการผลิตครอบประจำวัน | F1: ครอบ Prestige โรงงานสระบุรี 2/3 | L1: สัปดาห์ที่ | M1: 00/69 | Q1: วันที่ผลิต | R1: 00/08/2569 | V1: MATERIAL DOCUMENT NO
E2: จำนวนที่ผลิต | I2: ปริมาณการใช้วัตถุดิบ | P2: เถ้าลอย | R2: ปูนซีเมนต์ | T2: ปูนซีเมนต์ | V2: ทราย | X2: ทราย | Z2: Water Base | AB2: MOULD | AD2: Adva | AF2: สีพื้น | AH2: สีเหลือบ | AJ2: สีเหลือบ
A3: กะที่ | B3: LOT NO. | C3: ลอน | D3: สี | E3: (แผ่น) | R3: ผสมตัว | T3: ผสมสี | V3: ผสมตัว | X3: ผสมสี | Z3: Spray | AB3: OIL | AH3: 1 | AJ3: 2
E4: Plan | F4: Counter | G4: ห้องบ่ม | H4: Wet Reject | P4: (ตัน) | R4: (ตัน) | T4: (ตัน) | V4: (ตัน) | X4: (ตัน) | Z4: (ลิตร) | AB4: (ลิตร) | AD4: (ลิตร) | AF4: (แผ่น/ถัง) | AH4: (แผ่น/ถัง) | AJ4: (แผ่น/ถัง)
B5: I11690804 | C5: ครอบสัน | D5: มิดไนท์เกรย์*N | E5: 2000 | F5: 3765 | G5: 3210 | H5: =IF(F5=0,"",(F5-G5)/F5) -> 0.14741036 | I5: ปริมาณการใช้กะ 1 | P5: 3.742 | R5: 11.24 | T5: 1.257 | V5: 35.245 | X5: 0.682 | Z5: =172+200+97 -> 469 | AB5: =36+29 -> 65 | AD5: =SUM(AF5:AK5)*0.025 -> 2.5 | AF5: =14+14+12+14+14+14+14+4 -> 100 | AH5: 0 | AJ5: 0
A6: 1 | B6: I12690804 | C6: ครอบปิดจั่ว | D6: มิดไนท์เกรย์*N | E6: 0 | F6: 104 | G6: 104 | H6: =IF(F6=0,"",(F6-G6)/F6) -> 0 | I6: คำนวณจาก Counter (ต่อพันแผ่น) | P6: =IF($F$15=0,0,P5*1000/$F$15) -> 0.24265612 | R6: =IF($F$15=0,0,R5*1000/$F$15) -> 0.72887621 | T6: =IF($F$15=0,0,T5*1000/$F$15) -> 0.081512224 | V6: =IF($F$15=0,0,V5*1000/$F$15) -> 2.2855197 | X6: =IF($F$15=0,0,X5*1000/$F$15) -> 0.044225407 | Z6: =IF($F$15=0,0,Z5*1000/$F$15) -> 30.413073 | AB6: =IF($F$15=0,0,AB5*1000/$F$15) -> 4.2150315 | AD6: =IF($F$15=0,0,AD5*1000/$F$15) -> 0.16211659 | AF6: =IF(AF5=0,0,F15/AF5) -> 154.21 | AH6: =IF(AH5=0,0,F15/AH5) -> 0 | AJ6: =IF(AJ5=0,0,F15/AJ5) -> 0
B7: I13690804 | C7: ครอบตะเข้ | D7: มิดไนท์เกรย์*N | E7: 5500 | F7: 6790 | G7: 6140 | H7: =IF(F7=0,"",(F7-G7)/F7) -> 0.095729013 | I7: คำนวณจาก ห้องบ่ม (ต่อพันแผ่น) | P7: =IF($G$15=0,0,P5*1000/$G$15) -> 0.27718519 | R7: =IF($G$15=0,0,R5*1000/$G$15) -> 0.83259259 | T7: =IF($G$15=0,0,T5*1000/$G$15) -> 0.093111111 | V7: =IF($G$15=0,0,V5*1000/$G$15) -> 2.6107407 | X7: =IF($G$15=0,0,X5*1000/$G$15) -> 0.050518519 | Z7: =IF($G$15=0,0,Z5*1000/$G$15) -> 34.740741 | AB7: =IF($G$15=0,0,AB5*1000/$G$15) -> 4.8148148 | AD7: =IF($G$15=0,0,AD5*1000/$G$15) -> 0.18518519 | AF7: =IF(AF5=0,0,G15/AF5) -> 135 | AH7: =IF(AH5=0,0,G15/AH5) -> 0 | AJ7: =IF(AJ5=0,0,G15/AJ5) -> 0
B8: I14690804 | C8: ครอบปิดปลายตะเข้ | D8: มิดไนท์เกรย์*N | E8: 1800 | F8: 2105 | G8: 1605 | H8: =IF(F8=0,"",(F8-G8)/F8) -> 0.23752969 | I8: ใช้ปูน ( Batch) | P8: 171
B9: I15690804 | C9: ครอบข้างซิมเลท | D9: มิดไนท์เกรย์*N | E9: 1800 | F9: 2657 | G9: 2441 | H9: =IF(F9=0,"",(F9-G9)/F9) -> 0.081294693 | I9: ทิ้งปูน (Batct)
C10: ครอบข้างปิดปลายซิมเลท | H10: =IF(F10=0,"",(F10-G10)/F10) | I10: ทิ้งสีพื้น (ถัง)
C11: ครอบหัวผนัง | H11: =IF(F11=0,"",(F11-G11)/F11) | I11: ทิ้งสีเหลือบ (ถัง)
C12: ครอบข้างผนัง | H12: =IF(F12=0,"",(F12-G12)/F12) | I12: ใช้ผ้า (ผืน) | P12: =5+3+4+3+5+3+7+3+6+3+2+5+8+4 -> 61
C13: ครอบปั้นลม | H13: =IF(F13=0,"",(F13-G13)/F13) | I13: ใช้ผ้า (แผ่น/ผืน) | P13: =F15/P12 -> 252.80328
C14: ครอบปิดปลายปั้นลม | H14: =IF(F14=0,"",(F14-G14)/F14) | I14: ใช้ตะแกรง (แผ่น) | P14: 7
A15: รวมกะที่ 1 | E15: =SUM(E5:E14) -> 11100 | F15: =SUM(F5:F14) -> 15421 | G15: =SUM(G5:G14) -> 13500 | H15: =IF(F15=0,"",(F15-G15)/F15) -> 0.12457039 | I15: ใช้ตะแกรง (แผ่น/ผืน) | P15: =F15/P14 -> 2203
C16: ครอบสัน | H16: =IF(F16=0,"",(F16-G16)/F16) | I16: ปริมาณการใช้กะ 2 | P16: 0 | R16: 0 | T16: 0 | V16: 0 | X16: 0 | Z16: 0 | AB16: 0 | AD16: =SUM(AF16:AK16)*0.025 -> 0 | AF16: 0 | AH16: 0 | AJ16: 0
A17: 2 | C17: ครอบปิดจั่ว | H17: =IF(F17=0,"",(F17-G17)/F17) | I17: คำนวณจาก Counter (ต่อพันแผ่น) | P17: =IF($F$26=0,0,P16*1000/$F$26) -> 0 | R17: =IF($F$26=0,0,R16*1000/$F$26) -> 0 | T17: =IF($F$26=0,0,T16*1000/$F$26) -> 0 | V17: =IF($F$26=0,0,V16*1000/$F$26) -> 0 | X17: =IF($F$26=0,0,X16*1000/$F$26) -> 0 | Z17: =IF($F$26=0,0,Z16*1000/$F$26) -> 0 | AB17: =IF($F$26=0,0,AB16*1000/$F$26) -> 0 | AD17: =IF($F$26=0,0,AD16*1000/$F$26) -> 0 | AF17: =IF(AF16=0,0,F26/AF16) -> 0 | AH17: =IF($F$26=0,0,AH16*1000/$F$26) -> 0 | AJ17: =IF($F$26=0,0,AJ16*1000/$F$26) -> 0
C18: ครอบตะเข้ | H18: =IF(F18=0,"",(F18-G18)/F18) | I18: คำนวณจาก ห้องบ่ม (ต่อพันแผ่น) | P18: =IF($G$26=0,0,P16*1000/$G$26) -> 0 | R18: =IF($G$26=0,0,R16*1000/$G$26) -> 0 | T18: =IF($G$26=0,0,T16*1000/$G$26) -> 0 | V18: =IF($G$26=0,0,V16*1000/$G$26) -> 0 | X18: =IF($G$26=0,0,X16*1000/$G$26) -> 0 | Z18: =IF($G$26=0,0,Z16*1000/$G$26) -> 0 | AB18: =IF($G$26=0,0,AB16*1000/$G$26) -> 0 | AD18: =IF($G$26=0,0,AD16*1000/$G$26) -> 0 | AF18: =IF(AF16=0,0,G26/AF16) -> 0 | AH18: =IF($G$26=0,0,AH16*1000/$G$26) -> 0 | AJ18: =IF($G$26=0,0,AJ16*1000/$G$26) -> 0
C19: ครอบปิดปลายตะเข้ | H19: =IF(F19=0,"",(F19-G19)/F19) | I19: ใช้ปูน ( Batch)
C20: ครอบข้างซิมเลท | H20: =IF(F20=0,"",(F20-G20)/F20) | I20: ทิ้งปูน (Batct)
C21: ครอบข้างปิดปลายซิมเลท | H21: =IF(F21=0,"",(F21-G21)/F21) | I21: ทิ้งสีพื้น (ถัง)
C22: ครอบหัวผนัง | H22: =IF(F22=0,"",(F22-G22)/F22) | I22: ทิ้งสีเหลือบ (ถัง)
C23: ครอบข้างผนัง | H23: =IF(F23=0,"",(F23-G23)/F23) | I23: ใช้ผ้า (ผืน)
C24: ครอบปั้นลม | H24: =IF(F24=0,"",(F24-G24)/F24) | I24: ใช้ผ้า (แผ่น/ผืน) | P24: =F26/P23 -> #DIV/0!
C25: ครอบปิดปลายปั้นลม | H25: =IF(F25=0,"",(F25-G25)/F25) | I25: ใช้ตะแกรง (แผ่น)
A26: รวมกะที่ 2 | E26: =SUM(E16:E25) -> 0 | F26: =SUM(F16:F25) -> 0 | G26: =SUM(G16:G25) -> 0 | H26: =IF(F26=0,"",(F26-G26)/F26) | I26: ใช้ตะแกรง (แผ่น/ผืน) | P26: =F26/P25 -> #DIV/0!
I27: ปริมาณการใช้รวม | P27: =SUM(P5,P16) -> 3.742 | R27: =SUM(R5,R16) -> 11.24 | T27: =SUM(T5,T16) -> 1.257 | V27: =SUM(V5,V16) -> 35.245 | X27: =SUM(X5,X16) -> 0.682 | Z27: =SUM(Z5,Z16) -> 469 | AB27: =SUM(AB5,AB16) -> 65 | AD27: =SUM(AD5,AD16) -> 2.5 | AF27: =SUM(AF5,AF16) -> 100 | AH27: =SUM(AH5,AH16) -> 0 | AJ27: =SUM(AJ5,AJ16) -> 0
A28: รวมทุกกะ | E28: =E15+E26 -> 11100 | F28: =F15+F26 -> 15421 | G28: =G15+G26 -> 13500 | H28: =IF(F28=0,"",(F28-G28)/F28) -> 0.12457039 | I28: คำนวณจาก Counter (ต่อพันแผ่น) | P28: =IF($F$28=0,0,P27*1000/$F$28) -> 0.24265612 | R28: =IF($F$28=0,0,R27*1000/$F$28) -> 0.72887621 | T28: =IF($F$28=0,0,T27*1000/$F$28) -> 0.081512224 | V28: =IF($F$28=0,0,V27*1000/$F$28) -> 2.2855197 | X28: =IF($F$28=0,0,X27*1000/$F$28) -> 0.044225407 | Z28: =IF($F$28=0,0,Z27*1000/$F$28) -> 30.413073 | AB28: =IF($F$28=0,0,AB27*1000/$F$28) -> 4.2150315 | AD28: =IF($F$28=0,0,AD27*1000/$F$28) -> 0.16211659 | AF28: =IF($F$28=0,0,AF27*1000/$F$28) -> 6.4846638 | AH28: =IF($F$28=0,0,AH27*1000/$F$28) -> 0 | AJ28: =IF($F$28=0,0,AJ27*1000/$F$28) -> 0
I29: คำนวณจาก ห้องบ่ม (ต่อพันแผ่น) | P29: =IF($G$28=0,0,P27*1000/$G$28) -> 0.27718519 | R29: =IF($G$28=0,0,R27*1000/$G$28) -> 0.83259259 | T29: =IF($G$28=0,0,T27*1000/$G$28) -> 0.093111111 | V29: =IF($G$28=0,0,V27*1000/$G$28) -> 2.6107407 | X29: =IF($G$28=0,0,X27*1000/$G$28) -> 0.050518519 | Z29: =IF($G$28=0,0,Z27*1000/$G$28) -> 34.740741 | AB29: =IF($G$28=0,0,AB27*1000/$G$28) -> 4.8148148 | AD29: =IF($G$28=0,0,AD27*1000/$G$28) -> 0.18518519 | AF29: =IF($G$28=0,0,AF27*1000/$G$28) -> 7.4074074 | AH29: =IF($G$28=0,0,AH27*1000/$G$28) -> 0 | AJ29: =IF($G$28=0,0,AJ27*1000/$G$28) -> 0
A31: รายงานการแกะครอบ | I31: รายละเอียดครอบเสีย | AI31: แผ่นดีนำไปกองเก็บจำนวนไม้ / แผ่น | AK31: หมายเหตุ
A32: กะที่ | B32: LOT NO. | C32: ลอน | D32: สี | E32: จำนวนที่นำมาแกะ | F32: แผ่นดี | G32: Reject | I32: แผ่นเสีย | J32: ร้าวผิว ตัวกระเบื้อง | K32: ร้าว รางลิ้นหงาย | L32: ร้าว ล่างรางลิ้นคว่ำ | M32: ร้าว ล่างตัวครอบ | N32: ร้าว ชายกระเบื้อง | O32: ร้าว เขื่อนรางลิ้นหงาย | P32: ร้าว เขื่อนรางลิ้นคว่ำ | Q32: บิ่นแหว่ง | R32: ผิวครอบปูดบวม | S32: ผิวครอบไม่เรียบ | T32: ขอบไม่คม / ไม่เรียบ | U32: รูพรุน | V32: แตกรูตะปู | W32: เนื้อแหว่งใต้ครอบ | X32: ปูนติดโมล | Y32: สี Salary ไม่เต็ม | Z32: สีเป็นเม็ด | AA32: สีพอง | AB32: สีด้าน | AC32: สีหยด | AD32: สีปูด | AE32: ครอบบาง/น้ำหนักเบา | AF32: ยกชน Rack | AG32: รถยกชน | AH32: อื่นๆ
B33: =B5 -> I11690804 | C33: ครอบสัน | D33: =D5 -> มิดไนท์เกรย์*N | E33: =F33+652 -> 3106 | F33: =144*17+6 -> 2454 | G33: =IF(E33=0,"",(E33-F33)/E33) -> 0.20991629 | I33: =SUM(J33:AH33) -> 652 | K33: 3 | L33: =651-181 -> 470 | V33: =17+20+16+2+25+30+30+30 -> 170 | AB33: =3+4 -> 7 | AC33: 2 | AI33: 144*17+QC6 | AK33: จบ Lot. ส่งวันที่ 6/8/69
B34: =B6 -> I12690804 | C34: ครอบปิดจั่ว | D34: =D6 -> มิดไนท์เกรย์*N | E34: =G6 -> 104 | F34: =40*2+24 -> 104 | G34: =IF(E34=0,"",(E34-F34)/E34) -> 0 | I34: =SUM(J34:AH34) -> 0 | AI34: 40*2+ศ.24 | AK34: จบ Lot. ส่งวันที่ 8/8/69
B35: =B7 -> I13690804 | C35: ครอบตะเข้ | D35: =D7 -> มิดไนท์เกรย์*N | E35: =G7 -> 6140 | F35: =210*27+39+6 -> 5715 | G35: =IF(E35=0,"",(E35-F35)/E35) -> 0.069218241 | I35: =SUM(J35:AH35) -> 425 | J35: =20+25+30 -> 75 | K35: =1+2+3 -> 6 | L35: =6+13+6+8+15+11+8+4 -> 71 | O35: 2 | R35: =6 -> 6 | V35: =8+10+12+15+25+25 -> 95 | W35: =20+30+30+10 -> 90 | AB35: =4+4+1+11+2+5 -> 27 | AC35: 4 | AD35: 10 | AE35: =17 -> 17 | AH35: 22 | AI35: 210*27+ศ.39+QC6 | AK35: จบ Lot. ส่งวันที่ 6/8/69
A36: 1 | B36: =B8 -> I14690804 | C36: ครอบปิดปลายตะเข้ | D36: =D8 -> มิดไนท์เกรย์*N | E36: =G8 -> 1605 | F36: =140*9+65+6 -> 1331 | G36: =IF(E36=0,"",(E36-F36)/E36) -> 0.17071651 | I36: =SUM(J36:AH36) -> 274 | K36: =25+25+25+25+15+20 -> 135 | L36: =25+25+25+30 -> 105 | R36: =5 -> 5 | W36: =20 -> 20 | AC36: 5 | AF36: 4 | AI36: 140*9+ศ.65+QC6 | AK36: จบ Lot. ส่งวันที่ 13/8/69
B37: =B9 -> I15690804 | C37: ครอบข้างซิมเลท | D37: =D9 -> มิดไนท์เกรย์*N | E37: =G9 -> 2441 | F37: =280*8+152+6 -> 2398 | G37: =IF(E37=0,"",(E37-F37)/E37) -> 0.017615731 | I37: =SUM(J37:AH37) -> 43 | K37: =4+20 -> 24 | L37: 15 | R37: 1 | AB37: 3 | AI37: 280*8+ศ.152+QC6 | AK37: จบ Lot. ส่งวันที่ 6/8/69
B38: =B10 -> 0 | C38: ครอบข้างปิดปลายซิมเลท | D38: =D10 -> 0 | E38: =G10 -> 0 | G38: =IF(E38=0,"",(E38-F38)/E38) | I38: =SUM(J38:AH38) -> 0
B39: =B11 -> 0 | C39: ครอบหัวผนัง | D39: =D11 -> 0 | E39: =G11 -> 0 | G39: =IF(E39=0,"",(E39-F39)/E39) | I39: =SUM(J39:AH39) -> 0
B40: =B12 -> 0 | C40: ครอบข้างผนัง | D40: =D12 -> 0 | E40: =G12 -> 0 | G40: =IF(E40=0,"",(E40-F40)/E40) | I40: =SUM(J40:AH40) -> 0
B41: =B13 -> 0 | C41: ครอบปั้นลม | D41: =D13 -> 0 | E41: =G13 -> 0 | G41: =IF(E41=0,"",(E41-F41)/E41) | I41: =SUM(J41:AH41) -> 0
B42: =B14 -> 0 | C42: ครอบปิดปลายปั้นลม | D42: =D14 -> 0 | E42: =G14 -> 0 | G42: =IF(E42=0,"",(E42-F42)/E42) | I42: =SUM(J42:AH42) -> 0
A43: รวมกะที่ 1 | E43: =SUM(E33:E42) -> 13396 | F43: =SUM(F33:F42) -> 12002 | G43: =IF(E43=0,"",(E43-F43)/E43) -> 0.10406091 | I43: =SUM(J43:AH43) -> 1394 | J43: =SUM(J33:J42) -> 75 | K43: =SUM(K33:K42) -> 168 | L43: =SUM(L33:L42) -> 661 | M43: =SUM(M33:M42) -> 0 | N43: =SUM(N33:N42) -> 0 | O43: =SUM(O33:O42) -> 2 | P43: =SUM(P33:P42) -> 0 | Q43: =SUM(Q33:Q42) -> 0 | ... AH43: =SUM(AH33:AH42) -> 22
B44: =B16 -> 0 | C44: ครอบสัน | D44: =D16 -> 0 | E44: =G16 -> 0 | G44: =IF(E44=0,"",(E44-F44)/E44) | I44: =SUM(J44:AH44) -> 0
B45: =B17 -> 0 | C45: ครอบปิดจั่ว | D45: =D17 -> 0 | E45: =G17 -> 0 | G45: =IF(E45=0,"",(E45-F45)/E45) | I45: =SUM(J45:AH45) -> 0
A46: 2 | B46: =B18 -> 0 | C46: ครอบตะเข้ | D46: =D18 -> 0 | E46: 0 | G46: =IF(E46=0,"",(E46-F46)/E46) | I46: =SUM(J46:AH46) -> 0
B47: =B19 -> 0 | C47: ครอบปิดปลายตะเข้ | D47: =D19 -> 0 | E47: =G19 -> 0 | G47: =IF(E47=0,"",(E47-F47)/E47) | I47: =SUM(J47:AH47) -> 0
B48: =B20 -> 0 | C48: ครอบข้างซิมเลท | D48: =D20 -> 0 | E48: =G20 -> 0 | G48: =IF(E48=0,"",(E48-F48)/E48) | I48: =SUM(J48:AH48) -> 0
B49: =B21 -> 0 | C49: ครอบข้างปิดปลายซิมเลท | D49: =D21 -> 0 | E49: =G21 -> 0 | G49: =IF(E49=0,"",(E49-F49)/E49) | I49: =SUM(J49:AH49) -> 0
B50: =B22 -> 0 | C50: ครอบหัวผนัง | D50: =D22 -> 0 | E50: =G22 -> 0 | G50: =IF(E50=0,"",(E50-F50)/E50) | I50: =SUM(J50:AH50) -> 0
B51: =B23 -> 0 | C51: ครอบข้างผนัง | D51: =D23 -> 0 | E51: =G23 -> 0 | G51: =IF(E51=0,"",(E51-F51)/E51) | I51: =SUM(J51:AH51) -> 0
B52: =B24 -> 0 | C52: ครอบปั้นลม | D52: =D24 -> 0 | E52: =G24 -> 0 | G52: =IF(E52=0,"",(E52-F52)/E52) | I52: =SUM(J52:AH52) -> 0
B53: =B25 -> 0 | C53: ครอบปิดปลายปั้นลม | D53: =D25 -> 0 | E53: =G25 -> 0 | G53: =IF(E53=0,"",(E53-F53)/E53) | I53: =SUM(J53:AH53) -> 0
A54: รวมกะที่ 2 | E54: =SUM(E44:E53) -> 0 | F54: =SUM(F44:F53) -> 0 | G54: =IF(E54=0,"",(E54-F54)/E54) | I54: =SUM(J54:AH54) -> 0 | J54: =SUM(J44:J53) -> 0 | K54: =SUM(K44:K53) -> 0 | L54: =SUM(L44:L53) -> 0 | M54: =SUM(M44:M53) -> 0 | N54: =SUM(N44:N53) -> 0 | O54: =SUM(O44:O53) -> 0 | P54: =SUM(P44:P53) -> 0 | Q54: =SUM(Q44:Q53) -> 0 | ... AH54: =SUM(AH44:AH53) -> 0
A55: รวมทุกกะ | E55: =E43+E54 -> 13396 | F55: =F43+F54 -> 12002 | G55: =IF(E55=0,"",(E55-F55)/E55) -> 0.10406091 | I55: =SUM(I43,I54) -> 1394 | J55: =SUM(J43,J54) -> 75 | K55: =SUM(K43,K54) -> 168 | L55: =SUM(L43,L54) -> 661 | M55: =SUM(M43,M54) -> 0 | N55: =SUM(N43,N54) -> 0 | O55: =SUM(O43,O54) -> 2 | P55: =SUM(P43,P54) -> 0 | ... AH55: =SUM(AH43,AH54) -> 22
A57: ผู้ทำรายงาน | E57: หม.ผลิต | I57: หง.ผ | P57: หม.จัดบรรทุก | W57: พ.จ่ายสินค้า | AF57: ผร.
A59: สำเนาเรียน : หัวหน้างานวางแผนผลิต, พนักงานควบคุมคุณภาพ | AI59: GN-F-PD-212 (1 พฤศจิกายน 2551)

Sheet 5
A1: รายงานการผลิตครอบประจำวัน | F1: ครอบ Prestige โรงงานสระบุรี 2/3 | L1: สัปดาห์ที่ | M1: 00/69 | Q1: วันที่ผลิต | R1: 244566 | V1: MATERIAL DOCUMENT NO
E2: จำนวนที่ผลิต | I2: ปริมาณการใช้วัตถุดิบ | P2: เถ้าลอย | R2: ปูนซีเมนต์ | T2: ปูนซีเมนต์ | V2: ทราย | X2: ทราย | Z2: Water Base | AB2: MOULD | AD2: Adva | AF2: สีพื้น | AH2: สีเหลือบ | AJ2: สีเหลือบ
A3: กะที่ | B3: LOT NO. | C3: ลอน | D3: สี | E3: (แผ่น) | R3: ผสมตัว | T3: ผสมสี | V3: ผสมตัว | X3: ผสมสี | Z3: Spray | AB3: OIL | AH3: 1 | AJ3: 2
E4: Plan | F4: Counter | G4: ห้องบ่ม | H4: Wet Reject | P4: (ตัน) | R4: (ตัน) | T4: (ตัน) | V4: (ตัน) | X4: (ตัน) | Z4: (ลิตร) | AB4: (ลิตร) | AD4: (ลิตร) | AF4: (แผ่น/ถัง) | AH4: (แผ่น/ถัง) | AJ4: (แผ่น/ถัง)
B5: I11690806 | C5: ครอบสัน | D5: ไอวอรี่เกรย์*N | E5: 1000 | F5: 1145 | G5: 882 | H5: =IF(F5=0,"",(F5-G5)/F5) -> 0.22969432 | I5: ปริมาณการใช้กะ 1 | P5: 2.135 | R5: 6.549 | T5: 0.403 | V5: 20.482 | X5: 0.212 | Z5: =200-22 -> 178 | AB5: 38 | AD5: =SUM(AF5:AK5)*0.025 -> 0.8 | AF5: =14+14+4 -> 32 | AH5: 0 | AJ5: 0
A6: 1 | B6: I12690806 | C6: ครอบปิดจั่ว | D6: ไอวอรี่เกรย์*N | E6: 40 | F6: 43 | G6: 43 | H6: =IF(F6=0,"",(F6-G6)/F6) -> 0 | I6: คำนวณจาก Counter (ต่อพันแผ่น) | P6: =IF($F$15=0,0,P5*1000/$F$15) -> 0.40435606 | R6: =IF($F$15=0,0,R5*1000/$F$15) -> 1.2403409 | T6: =IF($F$15=0,0,T5*1000/$F$15) -> 0.076325758 | V6: =IF($F$15=0,0,V5*1000/$F$15) -> 3.8791667 | X6: =IF($F$15=0,0,X5*1000/$F$15) -> 0.040151515 | Z6: =IF($F$15=0,0,Z5*1000/$F$15) -> 33.712121 | AB6: =IF($F$15=0,0,AB5*1000/$F$15) -> 7.1969697 | AD6: =IF($F$15=0,0,AD5*1000/$F$15) -> 0.15151515 | AF6: =IF(AF5=0,0,F15/AF5) -> 165 | AH6: =IF(AH5=0,0,F15/AH5) -> 0 | AJ6: =IF(AJ5=0,0,F15/AJ5) -> 0
B7: I13690806 | C7: ครอบตะเข้ | D7: ไอวอรี่เกรย์*N | E7: 2000 | F7: 2878 | G7: 2531 | H7: =IF(F7=0,"",(F7-G7)/F7) -> 0.12056984 | I7: คำนวณจาก ห้องบ่ม (ต่อพันแผ่น) | P7: =IF($G$15=0,0,P5*1000/$G$15) -> 0.47773551 | R7: =IF($G$15=0,0,R5*1000/$G$15) -> 1.4654285 | T7: =IF($G$15=0,0,T5*1000/$G$15) -> 0.090176773 | V7: =IF($G$15=0,0,V5*1000/$G$15) -> 4.5831282 | X7: =IF($G$15=0,0,X5*1000/$G$15) -> 0.047437906 | Z7: =IF($G$15=0,0,Z5*1000/$G$15) -> 39.82994 | AB7: =IF($G$15=0,0,AB5*1000/$G$15) -> 8.5030208 | AD7: =IF($G$15=0,0,AD5*1000/$G$15) -> 0.17901096 | AF7: =IF(AF5=0,0,G15/AF5) -> 139.65625 | AH7: =IF(AH5=0,0,G15/AH5) -> 0 | AJ7: =IF(AJ5=0,0,G15/AJ5) -> 0
C8: ครอบปิดปลายตะเข้ | H8: =IF(F8=0,"",(F8-G8)/F8) | I8: ใช้ปูน ( Batch) | P8: 97
B9: I15690806 | C9: ครอบข้างซิมเลท | D9: ไอวอรี่เกรย์*N | E9: 800 | F9: 969 | G9: 862 | H9: =IF(F9=0,"",(F9-G9)/F9) -> 0.11042312 | I9: ทิ้งปูน (Batct)
B10: I16690806 | C10: ครอบข้างปิดปลายซิมเลท | D10: ไอวอรี่เกรย์*N | E10: 500 | F10: 245 | G10: 151 | H10: =IF(F10=0,"",(F10-G10)/F10) -> 0.38367347 | I10: ทิ้งสีพื้น (ถัง)
C11: ครอบหัวผนัง | H11: =IF(F11=0,"",(F11-G11)/F11) | I11: ทิ้งสีเหลือบ (ถัง)
C12: ครอบข้างผนัง | H12: =IF(F12=0,"",(F12-G12)/F12) | I12: ใช้ผ้า (ผืน) | P12: =3+3+3+3+4+2+5 -> 23
C13: ครอบปั้นลม | H13: =IF(F13=0,"",(F13-G13)/F13) | I13: ใช้ผ้า (แผ่น/ผืน) | P13: =F15/P12 -> 229.56522
C14: ครอบปิดปลายปั้นลม | H14: =IF(F14=0,"",(F14-G14)/F14) | I14: ใช้ตะแกรง (แผ่น) | P14: 7
A15: รวมกะที่ 1 | E15: =SUM(E5:E14) -> 4340 | F15: =SUM(F5:F14) -> 5280 | G15: =SUM(G5:G14) -> 4469 | H15: =IF(F15=0,"",(F15-G15)/F15) -> 0.15359848 | I15: ใช้ตะแกรง (แผ่น/ผืน) | P15: =F15/P14 -> 754.28571
B16: I11690807 | C16: ครอบสัน | D16: ดาร์กเกรย์*N | E16: 3000 | F16: 2807 | G16: 2338 | H16: =IF(F16=0,"",(F16-G16)/F16) -> 0.16708229 | I16: ปริมาณการใช้กะ 2 | P16: 1.585 | R16: 4.927 | T16: 0.553 | V16: 15.499 | X16: 0.315 | Z16: =40+200+73 -> 313 | AB16: 27 | AD16: =SUM(AF16:AK16)*0.025 -> 1.125 | AF16: =3+14+14+14 -> 45 | AH16: 0 | AJ16: 0
A17: 2 | C17: ครอบปิดจั่ว | H17: =IF(F17=0,"",(F17-G17)/F17) | I17: คำนวณจาก Counter (ต่อพันแผ่น) | P17: =IF($F$26=0,0,P16*1000/$F$26) -> 0.16248078 | R17: =IF($F$26=0,0,R16*1000/$F$26) -> 0.50507432 | T17: =IF($F$26=0,0,T16*1000/$F$26) -> 0.056688877 | V17: =IF($F$26=0,0,V16*1000/$F$26) -> 1.5888262 | X17: =IF($F$26=0,0,X16*1000/$F$26) -> 0.032291133 | Z17: =IF($F$26=0,0,Z16*1000/$F$26) -> 32.08611 | AB17: =IF($F$26=0,0,AB16*1000/$F$26) -> 2.7678114 | AD17: =IF($F$26=0,0,AD16*1000/$F$26) -> 0.11532547 | AF17: =IF(AF16=0,0,F26/AF16) -> 216.77778 | AH17: =IF($F$26=0,0,AH16*1000/$F$26) -> 0 | AJ17: =IF($F$26=0,0,AJ16*1000/$F$26) -> 0
B18: I13690807 | C18: ครอบตะเข้ | D18: ดาร์กเกรย์*N | E18: 2000 | F18: 4178 | G18: 3679 | H18: =IF(F18=0,"",(F18-G18)/F18) -> 0.11943514 | I18: คำนวณจาก ห้องบ่ม (ต่อพันแผ่น) | P18: =IF($G$26=0,0,P16*1000/$G$26) -> 0.18503385 | R18: =IF($G$26=0,0,R16*1000/$G$26) -> 0.57518095 | T18: =IF($G$26=0,0,T16*1000/$G$26) -> 0.064557553 | V18: =IF($G$26=0,0,V16*1000/$G$26) -> 1.8093626 | X18: =IF($G$26=0,0,X16*1000/$G$26) -> 0.03677329 | Z18: =IF($G$26=0,0,Z16*1000/$G$26) -> 36.539809 | AB18: =IF($G$26=0,0,AB16*1000/$G$26) -> 3.1519963 | AD18: =IF($G$26=0,0,AD16*1000/$G$26) -> 0.13133318 | AF18: =IF(AF16=0,0,G26/AF16) -> 190.35556 | AH18: =IF($G$26=0,0,AH16*1000/$G$26) -> 0 | AJ18: =IF($G$26=0,0,AJ16*1000/$G$26) -> 0
C19: ครอบปิดปลายตะเข้ | H19: =IF(F19=0,"",(F19-G19)/F19) | I19: ใช้ปูน ( Batch) | P19: 72
B20: I15690807 | C20: ครอบข้างซิมเลท | D20: ดาร์กเกรย์*N | E20: 1200 | F20: 1866 | G20: 1795 | H20: =IF(F20=0,"",(F20-G20)/F20) -> 0.038049303 | I20: ทิ้งปูน (Batct)
B21: I16690807 | C21: ครอบข้างปิดปลายซิมเลท | D21: ดาร์กเกรย์*N | E21: 1500 | F21: 904 | G21: 754 | H21: =IF(F21=0,"",(F21-G21)/F21) -> 0.1659292 | I21: ทิ้งสีพื้น (ถัง)
C22: ครอบหัวผนัง | H22: =IF(F22=0,"",(F22-G22)/F22) | I22: ทิ้งสีเหลือบ (ถัง)
C23: ครอบข้างผนัง | H23: =IF(F23=0,"",(F23-G23)/F23) | I23: ใช้ผ้า (ผืน) | P23: =1+4+1+3+2+4+5+4+1+5+2+4+3+5 -> 44
C24: ครอบปั้นลม | H24: =IF(F24=0,"",(F24-G24)/F24) | I24: ใช้ผ้า (แผ่น/ผืน) | P24: =F26/P23 -> 221.70455
C25: ครอบปิดปลายปั้นลม | H25: =IF(F25=0,"",(F25-G25)/F25) | I25: ใช้ตะแกรง (แผ่น) | P25: 7
A26: รวมกะที่ 2 | E26: =SUM(E16:E25) -> 7700 | F26: =SUM(F16:F25) -> 9755 | G26: =SUM(G16:G25) -> 8566 | H26: =IF(F26=0,"",(F26-G26)/F26) -> 0.12188621 | I26: ใช้ตะแกรง (แผ่น/ผืน) | P26: =F26/P25 -> 1393.5714
I27: ปริมาณการใช้รวม | P27: =SUM(P5,P16) -> 3.72 | R27: =SUM(R5,R16) -> 11.476 | T27: =SUM(T5,T16) -> 0.956 | V27: =SUM(V5,V16) -> 35.981 | X27: =SUM(X5,X16) -> 0.527 | Z27: =SUM(Z5,Z16) -> 491 | AB27: =SUM(AB5,AB16) -> 65 | AD27: =SUM(AD5,AD16) -> 1.925 | AF27: =SUM(AF5,AF16) -> 77 | AH27: =SUM(AH5,AH16) -> 0 | AJ27: =SUM(AJ5,AJ16) -> 0
A28: รวมทุกกะ | E28: =E15+E26 -> 12040 | F28: =F15+F26 -> 15035 | G28: =G15+G26 -> 13035 | H28: =IF(F28=0,"",(F28-G28)/F28) -> 0.13302295 | I28: คำนวณจาก Counter (ต่อพันแผ่น) | P28: =IF($F$28=0,0,P27*1000/$F$28) -> 0.24742268 | R28: =IF($F$28=0,0,R27*1000/$F$28) -> 0.76328567 | T28: =IF($F$28=0,0,T27*1000/$F$28) -> 0.063584968 | V28: =IF($F$28=0,0,V27*1000/$F$28) -> 2.3931493 | X28: =IF($F$28=0,0,X27*1000/$F$28) -> 0.035051546 | Z28: =IF($F$28=0,0,Z27*1000/$F$28) -> 32.657133 | AB28: =IF($F$28=0,0,AB27*1000/$F$28) -> 4.3232458 | AD28: =IF($F$28=0,0,AD27*1000/$F$28) -> 0.12803459 | AF28: =IF($F$28=0,0,AF27*1000/$F$28) -> 5.1213834 | AH28: =IF($F$28=0,0,AH27*1000/$F$28) -> 0 | AJ28: =IF($F$28=0,0,AJ27*1000/$F$28) -> 0
I29: คำนวณจาก ห้องบ่ม (ต่อพันแผ่น) | P29: =IF($G$28=0,0,P27*1000/$G$28) -> 0.2853855 | R29: =IF($G$28=0,0,R27*1000/$G$28) -> 0.88039893 | T29: =IF($G$28=0,0,T27*1000/$G$28) -> 0.073341005 | V29: =IF($G$28=0,0,V27*1000/$G$28) -> 2.7603376 | X29: =IF($G$28=0,0,X27*1000/$G$28) -> 0.040429613 | Z29: =IF($G$28=0,0,Z27*1000/$G$28) -> 37.667817 | AB29: =IF($G$28=0,0,AB27*1000/$G$28) -> 4.9865746 | AD29: =IF($G$28=0,0,AD27*1000/$G$28) -> 0.14767932 | AF29: =IF($G$28=0,0,AF27*1000/$G$28) -> 5.907173 | AH29: =IF($G$28=0,0,AH27*1000/$G$28) -> 0 | AJ29: =IF($G$28=0,0,AJ27*1000/$G$28) -> 0
A31: รายงานการแกะครอบ | I31: รายละเอียดครอบเสีย | AI31: แผ่นดีนำไปกองเก็บจำนวนไม้ / แผ่น | AK31: หมายเหตุ
A32: กะที่ | B32: LOT NO. | C32: ลอน | D32: สี | E32: จำนวนที่นำมาแกะ | F32: แผ่นดี | G32: Reject | I32: แผ่นเสีย | J32: ร้าวผิว ตัวกระเบื้อง | K32: ร้าว รางลิ้นหงาย | L32: ร้าว ล่างรางลิ้นคว่ำ | M32: ร้าว ล่างตัวครอบ | N32: ร้าว ชายกระเบื้อง | O32: ร้าว เขื่อนรางลิ้นหงาย | P32: ร้าว เขื่อนรางลิ้นคว่ำ | Q32: บิ่นแหว่ง | R32: ผิวครอบปูดบวม | S32: ผิวครอบไม่เรียบ | T32: ขอบไม่คม / ไม่เรียบ | U32: รูพรุน | V32: แตกรูตะปู | W32: เนื้อแหว่งใต้ครอบ | X32: ปูนติดโมล | Y32: สี Salary ไม่เต็ม | Z32: สีเป็นเม็ด | AA32: สีพอง | AB32: สีด้าน | AC32: สีหยด | AD32: สีปูด | AE32: ครอบบาง/น้ำหนักเบา | AF32: ยกชน Rack | AG32: รถยกชน | AH32: อื่นๆ
B33: =B5 -> I11690806 | C33: ครอบสัน | D33: =D5 -> ไอวอรี่เกรย์*N | E33: =G5 -> 882 | F33: =144*5+76+6 -> 802 | G33: =IF(E33=0,"",(E33-F33)/E33) -> 0.090702948 | I33: =SUM(J33:AH33) -> 80 | K33: =5 -> 5 | L33: =20+20+20 -> 60 | AC33: =4 -> 4 | AE33: 1 | AF33: 10 | AI33: 144*5+ศ.76+QC6 | AK33: จบ Lot. ส่งวันที่ 6/8/69
B34: =B6 -> I12690806 | C34: ครอบปิดจั่ว | D34: =D6 -> ไอวอรี่เกรย์*N | E34: =G6 -> 43 | F34: =40*1+3 -> 43 | G34: =IF(E34=0,"",(E34-F34)/E34) -> 0 | I34: =SUM(J34:AH34) -> 0 | AI34: 40*1+ศ.3 | AK34: จบ Lot. ส่งวันที่ 8/8/69
B35: =B7 -> I13690806 | C35: ครอบตะเข้ | D35: =D7 -> ไอวอรี่เกรย์*N | E35: =G7 -> 2531 | F35: =210*12+6 -> 2526 | G35: =IF(E35=0,"",(E35-F35)/E35) -> 0.0019755038 | I35: =SUM(J35:AH35) -> 5 | K35: 5 | AI35: 210*12+QC6 | AK35: จบ Lot. ส่งวันที่ 6/8/69
A36: 1 | B36: =B8 -> 0 | C36: ครอบปิดปลายตะเข้ | D36: =D8 -> 0 | E36: =G8 -> 0 | G36: =IF(E36=0,"",(E36-F36)/E36) | I36: =SUM(J36:AH36) -> 0
B37: =B9 -> I15690806 | C37: ครอบข้างซิมเลท | D37: =D9 -> ไอวอรี่เกรย์*N | E37: =G9 -> 862 | F37: =280*3+6 -> 846 | G37: =IF(E37=0,"",(E37-F37)/E37) -> 0.018561485 | I37: =SUM(J37:AH37) -> 16 | K37: 12 | R37: 4 | AI37: 280*3+QC6 | AK37: จบ Lot. ส่งวันที่ 6/8/69
B38: =B10 -> I16690806 | C38: ครอบข้างปิดปลายซิมเลท | D38: =D10 -> ไอวอรี่เกรย์*N | E38: =G10 -> 151 | F38: =96*1+26+6 -> 128 | G38: =IF(E38=0,"",(E38-F38)/E38) -> 0.15231788 | I38: =SUM(J38:AH38) -> 23 | K38: 2 | W38: 21 | AI38: 96*1+ศ.26+QC6 | AK38: จบ Lot. ส่งวันที่ 6/8/69
B39: =B11 -> 0 | C39: ครอบหัวผนัง | D39: =D11 -> 0 | E39: =G11 -> 0 | G39: =IF(E39=0,"",(E39-F39)/E39) | I39: =SUM(J39:AH39) -> 0
B40: =B12 -> 0 | C40: ครอบข้างผนัง | D40: =D12 -> 0 | E40: =G12 -> 0 | G40: =IF(E40=0,"",(E40-F40)/E40) | I40: =SUM(J40:AH40) -> 0
B41: =B13 -> 0 | C41: ครอบปั้นลม | D41: =D13 -> 0 | E41: =G13 -> 0 | G41: =IF(E41=0,"",(E41-F41)/E41) | I41: =SUM(J41:AH41) -> 0
B42: =B14 -> 0 | C42: ครอบปิดปลายปั้นลม | D42: =D14 -> 0 | E42: =G14 -> 0 | G42: =IF(E42=0,"",(E42-F42)/E42) | I42: =SUM(J42:AH42) -> 0
A43: รวมกะที่ 1 | E43: =SUM(E33:E42) -> 4469 | F43: =SUM(F33:F42) -> 4345 | G43: =IF(E43=0,"",(E43-F43)/E43) -> 0.027746699 | I43: =SUM(J43:AH43) -> 124 | J43: =SUM(J33:J42) -> 0 | K43: =SUM(K33:K42) -> 24 | L43: =SUM(L33:L42) -> 60 | M43: =SUM(M33:M42) -> 0 | N43: =SUM(N33:N42) -> 0 | O43: =SUM(O33:O42) -> 0 | P43: =SUM(P33:P42) -> 0 | Q43: =SUM(Q33:Q42) -> 0 | ... AH43: =SUM(AH33:AH42) -> 0
B44: =B16 -> I11690807 | C44: ครอบสัน | D44: =D16 -> ดาร์กเกรย์*N | E44: =G16 -> 2338 | F44: =144*14+117+6 -> 2139 | G44: =IF(E44=0,"",(E44-F44)/E44) -> 0.085115483 | I44: =SUM(J44:AH44) -> 199 | K44: =12+16+20+8 -> 56 | L44: =10+25 -> 35 | M44: =2+11 -> 13 | P44: =7+10+25 -> 42 | R44: 25 | W44: =199-181 -> 18 | Y44: 3 | AF44: =2+5 -> 7 | AI44: 144*14+ศ.117+QC6 | AK44: จบ Lot. ส่งวันที่ 13/8/69
B45: =B17 -> 0 | C45: ครอบปิดจั่ว | D45: =D17 -> 0 | E45: =G17 -> 0 | G45: =IF(E45=0,"",(E45-F45)/E45) | I45: =SUM(J45:AH45) -> 0
A46: 2 | B46: =B18 -> I13690807 | C46: ครอบตะเข้ | D46: =D18 -> ดาร์กเกรย์*N | E46: =G18 -> 3679 | F46: =210*16+129+6 -> 3495 | G46: =IF(E46=0,"",(E46-F46)/E46) -> 0.050013591 | I46: =SUM(J46:AH46) -> 184 | K46: =7 -> 7 | L46: =3+7+9 -> 19 | R46: =12+2+20+20 -> 54 | W46: =16+20+19+20+17 -> 92 | AC46: =5+1 -> 6 | AF46: =4+2 -> 6 | AI46: 210*16+ศ.129+QC6 | AK46: จบ Lot. ส่งวันที่ 6/8/69
B47: =B19 -> 0 | C47: ครอบปิดปลายตะเข้ | D47: =D19 -> 0 | E47: =G19 -> 0 | G47: =IF(E47=0,"",(E47-F47)/E47) | I47: =SUM(J47:AH47) -> 0
B48: =B20 -> I15690807 | C48: ครอบข้างซิมเลท | D48: =D20 -> ดาร์กเกรย์*N | E48: =G20 -> 1795 | F48: =280*6+109+6 -> 1795 | G48: =IF(E48=0,"",(E48-F48)/E48) -> 0 | I48: =SUM(J48:AH48) -> 0 | AI48: 280*6+ศ.109+QC6 | AK48: จบ Lot. ส่งวันที่ 11/8/69
B49: =B21 -> I16690807 | C49: ครอบข้างปิดปลายซิมเลท | D49: =D21 -> ดาร์กเกรย์*N | E49: =G21 -> 754 | F49: =96*6+94+6 -> 676 | G49: =IF(E49=0,"",(E49-F49)/E49) -> 0.10344828 | I49: =SUM(J49:AH49) -> 78 | K49: 30 | L49: 8 | Q49: 13 | W49: 27 | AI49: 96*6+ศ.94+QC6 | AK49: จบ Lot. ส่งวันที่ 19/8/69
B50: =B22 -> 0 | C50: ครอบหัวผนัง | D50: =D22 -> 0 | E50: =G22 -> 0 | G50: =IF(E50=0,"",(E50-F50)/E50) | I50: =SUM(J50:AH50) -> 0
B51: =B23 -> 0 | C51: ครอบข้างผนัง | D51: =D23 -> 0 | E51: =G23 -> 0 | G51: =IF(E51=0,"",(E51-F51)/E51) | I51: =SUM(J51:AH51) -> 0
B52: =B24 -> 0 | C52: ครอบปั้นลม | D52: =D24 -> 0 | E52: =G24 -> 0 | G52: =IF(E52=0,"",(E52-F52)/E52) | I52: =SUM(J52:AH52) -> 0
B53: =B25 -> 0 | C53: ครอบปิดปลายปั้นลม | D53: =D25 -> 0 | E53: =G25 -> 0 | G53: =IF(E53=0,"",(E53-F53)/E53) | I53: =SUM(J53:AH53) -> 0
A54: รวมกะที่ 2 | E54: =SUM(E44:E53) -> 8566 | F54: =SUM(F44:F53) -> 8105 | G54: =IF(E54=0,"",(E54-F54)/E54) -> 0.053817418 | I54: =SUM(J54:AH54) -> 461 | J54: =SUM(J44:J53) -> 0 | K54: =SUM(K44:K53) -> 93 | L54: =SUM(L44:L53) -> 62 | M54: =SUM(M44:M53) -> 13 | N54: =SUM(N44:N53) -> 0 | O54: =SUM(O44:O53) -> 0 | P54: =SUM(P44:P53) -> 42 | Q54: =SUM(Q44:Q53) -> 13 | ... AH54: =SUM(AH44:AH53) -> 0
A55: รวมทุกกะ | E55: =E43+E54 -> 13035 | F55: =F43+F54 -> 12450 | G55: =IF(E55=0,"",(E55-F55)/E55) -> 0.044879171 | I55: =SUM(I43,I54) -> 585 | J55: =SUM(J43,J54) -> 0 | K55: =SUM(K43,K54) -> 117 | L55: =SUM(L43,L54) -> 122 | M55: =SUM(M43,M54) -> 13 | N55: =SUM(N43,N54) -> 0 | O55: =SUM(O43,O54) -> 0 | P55: =SUM(P43,P54) -> 42 | ... AH55: =SUM(AH43,AH54) -> 0
A57: ผู้ทำรายงาน | E57: หม.ผลิต | I57: หง.ผ | P57: หม.จัดบรรทุก | W57: พ.จ่ายสินค้า | AF57: ผร.
A59: สำเนาเรียน : หัวหน้างานวางแผนผลิต, พนักงานควบคุมคุณภาพ | AI59: GN-F-PD-212 (1 พฤศจิกายน 2551)

Sheet 6
A1: รายงานการผลิตครอบประจำวัน | F1: ครอบ Prestige โรงงานสระบุรี 2/3 | L1: สัปดาห์ที่ | M1: 00/69 | Q1: วันที่ผลิต | R1: 244567 | V1: MATERIAL DOCUMENT NO
E2: จำนวนที่ผลิต | I2: ปริมาณการใช้วัตถุดิบ | P2: เถ้าลอย | R2: ปูนซีเมนต์ | T2: ปูนซีเมนต์ | V2: ทราย | X2: ทราย | Z2: Water Base | AB2: MOULD | AD2: Adva | AF2: สีพื้น | AH2: สีเหลือบ | AJ2: สีเหลือบ
A3: กะที่ | B3: LOT NO. | C3: ลอน | D3: สี | E3: (แผ่น) | R3: ผสมตัว | T3: ผสมสี | V3: ผสมตัว | X3: ผสมสี | Z3: Spray | AB3: OIL | AH3: 1 | AJ3: 2
E4: Plan | F4: Counter | G4: ห้องบ่ม | H4: Wet Reject | P4: (ตัน) | R4: (ตัน) | T4: (ตัน) | V4: (ตัน) | X4: (ตัน) | Z4: (ลิตร) | AB4: (ลิตร) | AD4: (ลิตร) | AF4: (แผ่น/ถัง) | AH4: (แผ่น/ถัง) | AJ4: (แผ่น/ถัง)
C5: ครอบสัน | H5: =IF(F5=0,"",(F5-G5)/F5) | I5: ปริมาณการใช้กะ 1 | P5: 0 | R5: 0 | T5: 0 | V5: 0 | X5: 0 | Z5: 0 | AB5: 0 | AD5: =SUM(AF5:AK5)*0.025 -> 0 | AF5: 0 | AH5: 0 | AJ5: 0
A6: 1 | C6: ครอบปิดจั่ว | H6: =IF(F6=0,"",(F6-G6)/F6) | I6: คำนวณจาก Counter (ต่อพันแผ่น) | P6: =IF($F$15=0,0,P5*1000/$F$15) -> 0 | R6: =IF($F$15=0,0,R5*1000/$F$15) -> 0 | T6: =IF($F$15=0,0,T5*1000/$F$15) -> 0 | V6: =IF($F$15=0,0,V5*1000/$F$15) -> 0 | X6: =IF($F$15=0,0,X5*1000/$F$15) -> 0 | Z6: =IF($F$15=0,0,Z5*1000/$F$15) -> 0 | AB6: =IF($F$15=0,0,AB5*1000/$F$15) -> 0 | AD6: =IF($F$15=0,0,AD5*1000/$F$15) -> 0 | AF6: =IF(AF5=0,0,F15/AF5) -> 0 | AH6: =IF(AH5=0,0,F15/AH5) -> 0 | AJ6: =IF(AJ5=0,0,F15/AJ5) -> 0
C7: ครอบตะเข้ | H7: =IF(F7=0,"",(F7-G7)/F7) | I7: คำนวณจาก ห้องบ่ม (ต่อพันแผ่น) | P7: =IF($G$15=0,0,P5*1000/$G$15) -> 0 | R7: =IF($G$15=0,0,R5*1000/$G$15) -> 0 | T7: =IF($G$15=0,0,T5*1000/$G$15) -> 0 | V7: =IF($G$15=0,0,V5*1000/$G$15) -> 0 | X7: =IF($G$15=0,0,X5*1000/$G$15) -> 0 | Z7: =IF($G$15=0,0,Z5*1000/$G$15) -> 0 | AB7: =IF($G$15=0,0,AB5*1000/$G$15) -> 0 | AD7: =IF($G$15=0,0,AD5*1000/$G$15) -> 0 | AF7: =IF(AF5=0,0,G15/AF5) -> 0 | AH7: =IF(AH5=0,0,G15/AH5) -> 0 | AJ7: =IF(AJ5=0,0,G15/AJ5) -> 0
C8: ครอบปิดปลายตะเข้ | H8: =IF(F8=0,"",(F8-G8)/F8) | I8: ใช้ปูน ( Batch)
C9: ครอบข้างซิมเลท | H9: =IF(F9=0,"",(F9-G9)/F9) | I9: ทิ้งปูน (Batct)
C10: ครอบข้างปิดปลายซิมเลท | H10: =IF(F10=0,"",(F10-G10)/F10) | I10: ทิ้งสีพื้น (ถัง)
C11: ครอบหัวผนัง | H11: =IF(F11=0,"",(F11-G11)/F11) | I11: ทิ้งสีเหลือบ (ถัง)
C12: ครอบข้างผนัง | H12: =IF(F12=0,"",(F12-G12)/F12) | I12: ใช้ผ้า (ผืน)
C13: ครอบปั้นลม | H13: =IF(F13=0,"",(F13-G13)/F13) | I13: ใช้ผ้า (แผ่น/ผืน) | P13: =F15/P12 -> #DIV/0!
C14: ครอบปิดปลายปั้นลม | H14: =IF(F14=0,"",(F14-G14)/F14) | I14: ใช้ตะแกรง (แผ่น)
A15: รวมกะที่ 1 | E15: =SUM(E5:E14) -> 0 | F15: =SUM(F5:F14) -> 0 | G15: =SUM(G5:G14) -> 0 | H15: =IF(F15=0,"",(F15-G15)/F15) | I15: ใช้ตะแกรง (แผ่น/ผืน) | P15: =F15/P14 -> #DIV/0!
C16: ครอบสัน | H16: =IF(F16=0,"",(F16-G16)/F16) | I16: ปริมาณการใช้กะ 2 | P16: 1.34 | R16: 4.673 | T16: 0.479 | V16: 11.295 | X16: 0.272 | Z16: =98+42+77 -> 217 | AB16: 25 | AD16: =SUM(AF16:AK16)*0.025 -> 0.975 | AF16: =14+14+11 -> 39 | AH16: 0 | AJ16: 0
A17: 2 | C17: ครอบปิดจั่ว | H17: =IF(F17=0,"",(F17-G17)/F17) | I17: คำนวณจาก Counter (ต่อพันแผ่น) | P17: =IF($F$26=0,0,P16*1000/$F$26) -> 0.23219546 | R17: =IF($F$26=0,0,R16*1000/$F$26) -> 0.80973835 | T17: =IF($F$26=0,0,T16*1000/$F$26) -> 0.083001213 | V17: =IF($F$26=0,0,V16*1000/$F$26) -> 1.9571998 | X17: =IF($F$26=0,0,X16*1000/$F$26) -> 0.047132213 | Z17: =IF($F$26=0,0,Z16*1000/$F$26) -> 37.601802 | AB17: =IF($F$26=0,0,AB16*1000/$F$26) -> 4.3320049 | AD17: =IF($F$26=0,0,AD16*1000/$F$26) -> 0.16894819 | AF17: =IF(AF16=0,0,F26/AF16) -> 147.97436 | AH17: =IF($F$26=0,0,AH16*1000/$F$26) -> 0 | AJ17: =IF($F$26=0,0,AJ16*1000/$F$26) -> 0
B18: I13690809 | C18: ครอบตะเข้ | D18: มิสทีเกรย์*N | E18: 3000 | F18: 5771 | G18: 5152 | H18: =IF(F18=0,"",(F18-G18)/F18) -> 0.10726044 | I18: คำนวณจาก ห้องบ่ม (ต่อพันแผ่น) | P18: =IF($G$26=0,0,P16*1000/$G$26) -> 0.26009317 | R18: =IF($G$26=0,0,R16*1000/$G$26) -> 0.9070264 | T18: =IF($G$26=0,0,T16*1000/$G$26) -> 0.092973602 | V18: =IF($G$26=0,0,V16*1000/$G$26) -> 2.1923525 | X18: =IF($G$26=0,0,X16*1000/$G$26) -> 0.052795031 | Z18: =IF($G$26=0,0,Z16*1000/$G$26) -> 42.119565 | AB18: =IF($G$26=0,0,AB16*1000/$G$26) -> 4.8524845 | AD18: =IF($G$26=0,0,AD16*1000/$G$26) -> 0.18924689 | AF18: =IF(AF16=0,0,G26/AF16) -> 132.10256 | AH18: =IF($G$26=0,0,AH16*1000/$G$26) -> 0 | AJ18: =IF($G$26=0,0,AJ16*1000/$G$26) -> 0
C19: ครอบปิดปลายตะเข้ | H19: =IF(F19=0,"",(F19-G19)/F19) | I19: ใช้ปูน ( Batch) | P19: =63 -> 63
C20: ครอบข้างซิมเลท | H20: =IF(F20=0,"",(F20-G20)/F20) | I20: ทิ้งปูน (Batct)
C21: ครอบข้างปิดปลายซิมเลท | H21: =IF(F21=0,"",(F21-G21)/F21) | I21: ทิ้งสีพื้น (ถัง)
C22: ครอบหัวผนัง | H22: =IF(F22=0,"",(F22-G22)/F22) | I22: ทิ้งสีเหลือบ (ถัง)
C23: ครอบข้างผนัง | H23: =IF(F23=0,"",(F23-G23)/F23) | I23: ใช้ผ้า (ผืน) | P23: =4+4+4+4+4+4 -> 24
C24: ครอบปั้นลม | H24: =IF(F24=0,"",(F24-G24)/F24) | I24: ใช้ผ้า (แผ่น/ผืน) | P24: =F26/P23 -> 240.45833
C25: ครอบปิดปลายปั้นลม | H25: =IF(F25=0,"",(F25-G25)/F25) | I25: ใช้ตะแกรง (แผ่น) | P25: 6
A26: รวมกะที่ 2 | E26: =SUM(E16:E25) -> 3000 | F26: =SUM(F16:F25) -> 5771 | G26: =SUM(G16:G25) -> 5152 | H26: =IF(F26=0,"",(F26-G26)/F26) -> 0.10726044 | I26: ใช้ตะแกรง (แผ่น/ผืน) | P26: =F26/P25 -> 961.83333
I27: ปริมาณการใช้รวม | P27: =SUM(P5,P16) -> 1.34 | R27: =SUM(R5,R16) -> 4.673 | T27: =SUM(T5,T16) -> 0.479 | V27: =SUM(V5,V16) -> 11.295 | X27: =SUM(X5,X16) -> 0.272 | Z27: =SUM(Z5,Z16) -> 217 | AB27: =SUM(AB5,AB16) -> 25 | AD27: =SUM(AD5,AD16) -> 0.975 | AF27: =SUM(AF5,AF16) -> 39 | AH27: =SUM(AH5,AH16) -> 0 | AJ27: =SUM(AJ5,AJ16) -> 0
A28: รวมทุกกะ | E28: =E15+E26 -> 3000 | F28: =F15+F26 -> 5771 | G28: =G15+G26 -> 5152 | H28: =IF(F28=0,"",(F28-G28)/F28) -> 0.10726044 | I28: คำนวณจาก Counter (ต่อพันแผ่น) | P28: =IF($F$28=0,0,P27*1000/$F$28) -> 0.23219546 | R28: =IF($F$28=0,0,R27*1000/$F$28) -> 0.80973835 | T28: =IF($F$28=0,0,T27*1000/$F$28) -> 0.083001213 | V28: =IF($F$28=0,0,V27*1000/$F$28) -> 1.9571998 | X28: =IF($F$28=0,0,X27*1000/$F$28) -> 0.047132213 | Z28: =IF($F$28=0,0,Z27*1000/$F$28) -> 37.601802 | AB28: =IF($F$28=0,0,AB27*1000/$F$28) -> 4.3320049 | AD28: =IF($F$28=0,0,AD27*1000/$F$28) -> 0.16894819 | AF28: =IF(AF27=0,0,F28/AF27) -> 147.97436 | AH28: =IF($F$28=0,0,AH27*1000/$F$28) -> 0 | AJ28: =IF($F$28=0,0,AJ27*1000/$F$28) -> 0
I29: คำนวณจาก ห้องบ่ม (ต่อพันแผ่น) | P29: =IF($G$28=0,0,P27*1000/$G$28) -> 0.26009317 | R29: =IF($G$28=0,0,R27*1000/$G$28) -> 0.9070264 | T29: =IF($G$28=0,0,T27*1000/$G$28) -> 0.092973602 | V29: =IF($G$28=0,0,V27*1000/$G$28) -> 2.1923525 | X29: =IF($G$28=0,0,X27*1000/$G$28) -> 0.052795031 | Z29: =IF($G$28=0,0,Z27*1000/$G$28) -> 42.119565 | AB29: =IF($G$28=0,0,AB27*1000/$G$28) -> 4.8524845 | AD29: =IF($G$28=0,0,AD27*1000/$G$28) -> 0.18924689 | AF29: =IF(AF27=0,0,G28/AF27) -> 132.10256 | AH29: =IF($G$28=0,0,AH27*1000/$G$28) -> 0 | AJ29: =IF($G$28=0,0,AJ27*1000/$G$28) -> 0
A31: รายงานการแกะครอบ | I31: รายละเอียดครอบเสีย | AI31: แผ่นดีนำไปกองเก็บจำนวนไม้ / แผ่น | AK31: หมายเหตุ
A32: กะที่ | B32: LOT NO. | C32: ลอน | D32: สี | E32: จำนวนที่นำมาแกะ | F32: แผ่นดี | G32: Reject | I32: แผ่นเสีย | J32: ร้าวผิว ตัวกระเบื้อง | K32: ร้าว รางลิ้นหงาย | L32: ร้าว ล่างรางลิ้นคว่ำ | M32: ร้าว ล่างตัวครอบ | N32: ร้าว ชายกระเบื้อง | O32: ร้าว เขื่อนรางลิ้นหงาย | P32: ร้าว เขื่อนรางลิ้นคว่ำ | Q32: บิ่นแหว่ง | R32: ผิวครอบปูดบวม | S32: ผิวครอบไม่เรียบ | T32: ขอบไม่คม / ไม่เรียบ | U32: รูพรุน | V32: แตกรูตะปู | W32: เนื้อแหว่งใต้ครอบ | X32: ปูนติดโมล | Y32: สี Salary ไม่เต็ม | Z32: สีเป็นเม็ด | AA32: สีพอง | AB32: สีด้าน | AC32: สีหยด | AD32: สีปูด | AE32: ครอบบาง/น้ำหนักเบา | AF32: ยกชน Rack | AG32: รถยกชน | AH32: อื่นๆ
B33: =B5 -> 0 | C33: ครอบสัน | D33: =D5 -> 0 | E33: =G5 -> 0 | G33: =IF(E33=0,"",(E33-F33)/E33) | I33: =SUM(J33:AH33) -> 0
B34: =B6 -> 0 | C34: ครอบปิดจั่ว | D34: =D6 -> 0 | E34: =G6 -> 0 | G34: =IF(E34=0,"",(E34-F34)/E34) | I34: =SUM(J34:AH34) -> 0
B35: =B7 -> 0 | C35: ครอบตะเข้ | D35: =D7 -> 0 | E35: 0 | G35: =IF(E35=0,"",(E35-F35)/E35) | I35: =SUM(J35:AH35) -> 0
A36: 1 | B36: =B8 -> 0 | C36: ครอบปิดปลายตะเข้ | D36: =D8 -> 0 | E36: =G8 -> 0 | G36: =IF(E36=0,"",(E36-F36)/E36) | I36: =SUM(J36:AH36) -> 0
B37: =B9 -> 0 | C37: ครอบข้างซิมเลท | D37: =D9 -> 0 | E37: 0 | G37: =IF(E37=0,"",(E37-F37)/E37) | I37: =SUM(J37:AH37) -> 0
B38: =B10 -> 0 | C38: ครอบข้างปิดปลายซิมเลท | D38: =D10 -> 0 | E38: =G10 -> 0 | G38: =IF(E38=0,"",(E38-F38)/E38) | I38: =SUM(J38:AH38) -> 0
B39: =B11 -> 0 | C39: ครอบหัวผนัง | D39: =D11 -> 0 | E39: =G11 -> 0 | G39: =IF(E39=0,"",(E39-F39)/E39) | I39: =SUM(J39:AH39) -> 0
B40: =B12 -> 0 | C40: ครอบข้างผนัง | D40: =D12 -> 0 | E40: =G12 -> 0 | G40: =IF(E40=0,"",(E40-F40)/E40) | I40: =SUM(J40:AH40) -> 0
B41: =B13 -> 0 | C41: ครอบปั้นลม | D41: =D13 -> 0 | E41: =G13 -> 0 | G41: =IF(E41=0,"",(E41-F41)/E41) | I41: =SUM(J41:AH41) -> 0
B42: =B14 -> 0 | C42: ครอบปิดปลายปั้นลม | D42: =D14 -> 0 | E42: =G14 -> 0 | G42: =IF(E42=0,"",(E42-F42)/E42) | I42: =SUM(J42:AH42) -> 0
A43: รวมกะที่ 1 | E43: =SUM(E33:E42) -> 0 | F43: =SUM(F33:F42) -> 0 | G43: =IF(E43=0,"",(E43-F43)/E43) | I43: =SUM(J43:AH43) -> 0 | J43: =SUM(J33:J42) -> 0 | K43: =SUM(K33:K42) -> 0 | L43: =SUM(L33:L42) -> 0 | M43: =SUM(M33:M42) -> 0 | N43: =SUM(N33:N42) -> 0 | O43: =SUM(O33:O42) -> 0 | P43: =SUM(P33:P42) -> 0 | Q43: =SUM(Q33:Q42) -> 0 | ... AH43: =SUM(AH33:AH42) -> 0
B44: =B16 -> 0 | C44: ครอบสัน | D44: =D16 -> 0 | E44: =G16 -> 0 | G44: =IF(E44=0,"",(E44-F44)/E44) | I44: =SUM(J44:AH44) -> 0
B45: =B17 -> 0 | C45: ครอบปิดจั่ว | D45: =D17 -> 0 | E45: =G17 -> 0 | G45: =IF(E45=0,"",(E45-F45)/E45) | I45: =SUM(J45:AH45) -> 0
A46: 2 | B46: =B18 -> I13690809 | C46: ครอบตะเข้ | D46: =D18 -> มิสทีเกรย์*N | E46: =G18 -> 5152 | F46: =210*23+10+6 -> 4846 | G46: =IF(E46=0,"",(E46-F46)/E46) -> 0.05939441 | I46: =SUM(J46:AH46) -> 306 | J46: 12 | K46: =6+7+8+15+4 -> 40 | L46: =10+7+25+30+10+12+15 -> 109 | Q46: 4 | V46: =3+10+15+3 -> 31 | W46: =15+13+20+10 -> 58 | AC46: =3+5+4 -> 12 | AD46: =8+5+15 -> 28 | AF46: 12 | AI46: 210*23+ศ.10+QC6 | AK46: จบ Lot. ส่งวันที่ 8/8/69
B47: =B19 -> 0 | C47: ครอบปิดปลายตะเข้ | D47: =D19 -> 0 | E47: =G19 -> 0 | G47: =IF(E47=0,"",(E47-F47)/E47) | I47: =SUM(J47:AH47) -> 0
B48: =B20 -> 0 | C48: ครอบข้างซิมเลท | D48: =D20 -> 0 | E48: =G20 -> 0 | G48: =IF(E48=0,"",(E48-F48)/E48) | I48: =SUM(J48:AH48) -> 0
B49: =B21 -> 0 | C49: ครอบข้างปิดปลายซิมเลท | D49: =D21 -> 0 | E49: =G21 -> 0 | G49: =IF(E49=0,"",(E49-F49)/E49) | I49: =SUM(J49:AH49) -> 0
B50: =B22 -> 0 | C50: ครอบหัวผนัง | D50: =D22 -> 0 | E50: =G22 -> 0 | G50: =IF(E50=0,"",(E50-F50)/E50) | I50: =SUM(J50:AH50) -> 0
B51: =B23 -> 0 | C51: ครอบข้างผนัง | D51: =D23 -> 0 | E51: =G23 -> 0 | G51: =IF(E51=0,"",(E51-F51)/E51) | I51: =SUM(J51:AH51) -> 0
B52: =B24 -> 0 | C52: ครอบปั้นลม | D52: =D24 -> 0 | E52: =G24 -> 0 | G52: =IF(E52=0,"",(E52-F52)/E52) | I52: =SUM(J52:AH52) -> 0
B53: =B25 -> 0 | C53: ครอบปิดปลายปั้นลม | D53: =D25 -> 0 | E53: =G25 -> 0 | G53: =IF(E53=0,"",(E53-F53)/E53) | I53: =SUM(J53:AH53) -> 0
A54: รวมกะที่ 2 | E54: =SUM(E44:E53) -> 5152 | F54: =SUM(F44:F53) -> 4846 | G54: =IF(E54=0,"",(E54-F54)/E54) -> 0.05939441 | I54: =SUM(J54:AH54) -> 306 | J54: =SUM(J44:J53) -> 12 | K54: =SUM(K44:K53) -> 40 | L54: =SUM(L44:L53) -> 109 | M54: =SUM(M44:M53) -> 0 | N54: =SUM(N44:N53) -> 0 | O54: =SUM(O44:O53) -> 0 | P54: =SUM(P44:P53) -> 0 | Q54: =SUM(Q44:Q53) -> 4 | ... AH54: =SUM(AH44:AH53) -> 0
A55: รวมทุกกะ | E55: =E43+E54 -> 5152 | F55: =F43+F54 -> 4846 | G55: =IF(E55=0,"",(E55-F55)/E55) -> 0.05939441 | I55: =SUM(I43,I54) -> 306 | J55: =SUM(J43,J54) -> 12 | K55: =SUM(K43,K54) -> 40 | L55: =SUM(L43,L54) -> 109 | M55: =SUM(M43,M54) -> 0 | N55: =SUM(N43,N54) -> 0 | O55: =SUM(O43,O54) -> 0 | P55: =SUM(P43,P54) -> 0 | ... AH55: =SUM(AH43,AH54) -> 0
A57: ผู้ทำรายงาน | E57: หม.ผลิต | I57: หง.ผ | P57: หม.จัดบรรทุก | W57: พ.จ่ายสินค้า | AF57: ผร.
A59: สำเนาเรียน : หัวหน้างานวางแผนผลิต, พนักงานควบคุมคุณภาพ | AI59: GN-F-PD-212 (1 พฤศจิกายน 2551)

Sheet 7
A1: รายงานการผลิตครอบประจำวัน | F1: ครอบ Prestige โรงงานสระบุรี 2/3 | L1: สัปดาห์ที่ | M1: 00/69 | Q1: วันที่ผลิต | R1: 244568 | V1: MATERIAL DOCUMENT NO
E2: จำนวนที่ผลิต | I2: ปริมาณการใช้วัตถุดิบ | P2: เถ้าลอย | R2: ปูนซีเมนต์ | T2: ปูนซีเมนต์ | V2: ทราย | X2: ทราย | Z2: Water Base | AB2: MOULD | AD2: Adva | AF2: สีพื้น | AH2: สีเหลือบ | AJ2: สีเหลือบ
A3: กะที่ | B3: LOT NO. | C3: ลอน | D3: สี | E3: (แผ่น) | R3: ผสมตัว | T3: ผสมสี | V3: ผสมตัว | X3: ผสมสี | Z3: Spray | AB3: OIL | AH3: 1 | AJ3: 2
E4: Plan | F4: Counter | G4: ห้องบ่ม | H4: Wet Reject | P4: (ตัน) | R4: (ตัน) | T4: (ตัน) | V4: (ตัน) | X4: (ตัน) | Z4: (ลิตร) | AB4: (ลิตร) | AD4: (ลิตร) | AF4: (แผ่น/ถัง) | AH4: (แผ่น/ถัง) | AJ4: (แผ่น/ถัง)
C5: ครอบสัน | H5: =IF(F5=0,"",(F5-G5)/F5) | I5: ปริมาณการใช้กะ 1 | P5: 0.89 | R5: 4.948 | T5: 0.486 | V5: 11.562 | X5: 0.249 | Z5: =215-20 -> 195 | AB5: 29 | AD5: =SUM(AF5:AK5)*0.025 -> 1 | AF5: =14+14+12 -> 40 | AH5: 0 | AJ5: 0
A6: 1 | C6: ครอบปิดจั่ว | H6: =IF(F6=0,"",(F6-G6)/F6) | I6: คำนวณจาก Counter (ต่อพันแผ่น) | P6: =IF($F$15=0,0,P5*1000/$F$15) -> 0.12973761 | R6: =IF($F$15=0,0,R5*1000/$F$15) -> 0.7212828 | T6: =IF($F$15=0,0,T5*1000/$F$15) -> 0.070845481 | V6: =IF($F$15=0,0,V5*1000/$F$15) -> 1.6854227 | X6: =IF($F$15=0,0,X5*1000/$F$15) -> 0.036297376 | Z6: =IF($F$15=0,0,Z5*1000/$F$15) -> 28.425656 | AB6: =IF($F$15=0,0,AB5*1000/$F$15) -> 4.2274052 | AD6: =IF($F$15=0,0,AD5*1000/$F$15) -> 0.14577259 | AF6: =IF(AF5=0,0,F15/AF5) -> 171.5 | AH6: =IF(AH5=0,0,F15/AH5) -> 0 | AJ6: =IF(AJ5=0,0,F15/AJ5) -> 0
B7: I13690811 | C7: ครอบตะเข้ | D7: เทาปีกนางนวล (ไม่มีรูตะปู)*N | E7: 5040 | F7: 6860 | G7: 5623 | H7: =IF(F7=0,"",(F7-G7)/F7) -> 0.1803207 | I7: คำนวณจาก ห้องบ่ม (ต่อพันแผ่น) | P7: =IF($G$15=0,0,P5*1000/$G$15) -> 0.1582785 | R7: =IF($G$15=0,0,R5*1000/$G$15) -> 0.87995732 | T7: =IF($G$15=0,0,T5*1000/$G$15) -> 0.086430731 | V7: =IF($G$15=0,0,V5*1000/$G$15) -> 2.0561978 | X7: =IF($G$15=0,0,X5*1000/$G$15) -> 0.044282412 | Z7: =IF($G$15=0,0,Z5*1000/$G$15) -> 34.678997 | AB7: =IF($G$15=0,0,AB5*1000/$G$15) -> 5.1573893 | AD7: =IF($G$15=0,0,AD5*1000/$G$15) -> 0.17784101 | AF7: =IF(AF5=0,0,G15/AF5) -> 140.575 | AH7: =IF(AH5=0,0,G15/AH5) -> 0 | AJ7: =IF(AJ5=0,0,G15/AJ5) -> 0
C8: ครอบปิดปลายตะเข้ | H8: =IF(F8=0,"",(F8-G8)/F8) | I8: ใช้ปูน ( Batch) | P8: 70
C9: ครอบข้างซิมเลท | H9: =IF(F9=0,"",(F9-G9)/F9) | I9: ทิ้งปูน (Batct)
C10: ครอบข้างปิดปลายซิมเลท | H10: =IF(F10=0,"",(F10-G10)/F10) | I10: ทิ้งสีพื้น (ถัง)
C11: ครอบหัวผนัง | H11: =IF(F11=0,"",(F11-G11)/F11) | I11: ทิ้งสีเหลือบ (ถัง)
C12: ครอบข้างผนัง | H12: =IF(F12=0,"",(F12-G12)/F12) | I12: ใช้ผ้า (ผืน) | P12: =4+4+5+4+4+6 -> 27
C13: ครอบปั้นลม | H13: =IF(F13=0,"",(F13-G13)/F13) | I13: ใช้ผ้า (แผ่น/ผืน) | P13: =F15/P12 -> 254.07407
C14: ครอบปิดปลายปั้นลม | H14: =IF(F14=0,"",(F14-G14)/F14) | I14: ใช้ตะแกรง (แผ่น) | P14: 6
A15: รวมกะที่ 1 | E15: =SUM(E5:E14) -> 5040 | F15: =SUM(F5:F14) -> 6860 | G15: =SUM(G5:G14) -> 5623 | H15: =IF(F15=0,"",(F15-G15)/F15) -> 0.1803207 | I15: ใช้ตะแกรง (แผ่น/ผืน) | P15: =F15/P14 -> 1143.3333
C16: ครอบสัน | H16: =IF(F16=0,"",(F16-G16)/F16) | I16: ปริมาณการใช้กะ 2 | P16: =0.619+0.172 -> 0.791 | R16: =7.172+3.655 -> 10.827 | T16: =0.828+0.244 -> 1.072 | V16: =17.53+8.765 -> 26.295 | X16: =0.478+0.135 -> 0.613 | Z16: =81+200+88 -> 369 | AB16: 48 | AD16: =SUM(AF16:AK16)*0.025 -> 2.175 | AF16: =14+14+14+14+11+14+6 -> 87 | AH16: 0 | AJ16: 0
A17: 2 | C17: ครอบปิดจั่ว | H17: =IF(F17=0,"",(F17-G17)/F17) | I17: คำนวณจาก Counter (ต่อพันแผ่น) | P17: =IF($F$26=0,0,P16*1000/$F$26) -> 0.060248305 | R17: =IF($F$26=0,0,R16*1000/$F$26) -> 0.82466296 | T17: =IF($F$26=0,0,T16*1000/$F$26) -> 0.081651306 | V17: =IF($F$26=0,0,V16*1000/$F$26) -> 2.0028182 | X17: =IF($F$26=0,0,X16*1000/$F$26) -> 0.046690532 | Z17: =IF($F$26=0,0,Z16*1000/$F$26) -> 28.10572 | AB17: =IF($F$26=0,0,AB16*1000/$F$26) -> 3.6560286 | AD17: =IF($F$26=0,0,AD16*1000/$F$26) -> 0.1656638 | AF17: =IF(AF16=0,0,F26/AF16) -> 150.90805 | AH17: =IF($F$26=0,0,AH16*1000/$F$26) -> 0 | AJ17: =IF($F$26=0,0,AJ16*1000/$F$26) -> 0
B18: I13690813 | C18: ครอบตะเข้ | D18: ลิกไนท์เกรย์ (ไม่มีรูตะปู)*N | E18: 10080 | F18: =8681+4448 -> 13129 | G18: =6892+3892 -> 10784 | H18: =IF(F18=0,"",(F18-G18)/F18) -> 0.17861223 | I18: คำนวณจาก ห้องบ่ม (ต่อพันแผ่น) | P18: =IF($G$26=0,0,P16*1000/$G$26) -> 0.073349407 | R18: =IF($G$26=0,0,R16*1000/$G$26) -> 1.0039874 | T18: =IF($G$26=0,0,T16*1000/$G$26) -> 0.099406528 | V18: =IF($G$26=0,0,V16*1000/$G$26) -> 2.4383346 | X18: =IF($G$26=0,0,X16*1000/$G$26) -> 0.056843472 | Z18: =IF($G$26=0,0,Z16*1000/$G$26) -> 34.217359 | AB18: =IF($G$26=0,0,AB16*1000/$G$26) -> 4.4510386 | AD18: =IF($G$26=0,0,AD16*1000/$G$26) -> 0.20168769 | AF18: =IF(AF16=0,0,G26/AF16) -> 123.95402 | AH18: =IF($G$26=0,0,AH16*1000/$G$26) -> 0 | AJ18: =IF($G$26=0,0,AJ16*1000/$G$26) -> 0
C19: ครอบปิดปลายตะเข้ | H19: =IF(F19=0,"",(F19-G19)/F19) | I19: ใช้ปูน ( Batch) | P19: =96+48 -> 144
C20: ครอบข้างซิมเลท | H20: =IF(F20=0,"",(F20-G20)/F20) | I20: ทิ้งปูน (Batct)
C21: ครอบข้างปิดปลายซิมเลท | H21: =IF(F21=0,"",(F21-G21)/F21) | I21: ทิ้งสีพื้น (ถัง)
C22: ครอบหัวผนัง | H22: =IF(F22=0,"",(F22-G22)/F22) | I22: ทิ้งสีเหลือบ (ถัง)
C23: ครอบข้างผนัง | H23: =IF(F23=0,"",(F23-G23)/F23) | I23: ใช้ผ้า (ผืน) | P23: =3+3+3+3+7+7+4+3+3+3+1+4 -> 44
C24: ครอบปั้นลม | H24: =IF(F24=0,"",(F24-G24)/F24) | I24: ใช้ผ้า (แผ่น/ผืน) | P24: =F26/P23 -> 298.38636
C25: ครอบปิดปลายปั้นลม | H25: =IF(F25=0,"",(F25-G25)/F25) | I25: ใช้ตะแกรง (แผ่น) | P25: =6+6 -> 12
A26: รวมกะที่ 2 | E26: =SUM(E16:E25) -> 10080 | F26: =SUM(F16:F25) -> 13129 | G26: =SUM(G16:G25) -> 10784 | H26: =IF(F26=0,"",(F26-G26)/F26) -> 0.17861223 | I26: ใช้ตะแกรง (แผ่น/ผืน) | P26: =F26/P25 -> 1094.0833
I27: ปริมาณการใช้รวม | P27: =SUM(P5,P16) -> 1.681 | R27: =SUM(R5,R16) -> 15.775 | T27: =SUM(T5,T16) -> 1.558 | V27: =SUM(V5,V16) -> 37.857 | X27: =SUM(X5,X16) -> 0.862 | Z27: =SUM(Z5,Z16) -> 564 | AB27: =SUM(AB5,AB16) -> 77 | AD27: =SUM(AD5,AD16) -> 3.175 | AF27: =SUM(AF5,AF16) -> 127 | AH27: =SUM(AH5,AH16) -> 0 | AJ27: =SUM(AJ5,AJ16) -> 0
A28: รวมทุกกะ | E28: =E15+E26 -> 15120 | F28: =F15+F26 -> 19989 | G28: =G15+G26 -> 16407 | H28: =IF(F28=0,"",(F28-G28)/F28) -> 0.17919856 | I28: คำนวณจาก Counter (ต่อพันแผ่น) | P28: =IF($F$28=0,0,P27*1000/$F$28) -> 0.084096253 | R28: =IF($F$28=0,0,R27*1000/$F$28) -> 0.78918405 | T28: =IF($F$28=0,0,T27*1000/$F$28) -> 0.077942869 | V28: =IF($F$28=0,0,V27*1000/$F$28) -> 1.8938916 | X28: =IF($F$28=0,0,X27*1000/$F$28) -> 0.043123718 | Z28: =IF($F$28=0,0,Z27*1000/$F$28) -> 28.215519 | AB28: =IF($F$28=0,0,AB27*1000/$F$28) -> 3.8521187 | AD28: =IF($F$28=0,0,AD27*1000/$F$28) -> 0.15883736 | AF28: =IF($F$28=0,0,AF27*1000/$F$28) -> 6.3534944 | AH28: =IF($F$28=0,0,AH27*1000/$F$28) -> 0 | AJ28: =IF($F$28=0,0,AJ27*1000/$F$28) -> 0
I29: คำนวณจาก ห้องบ่ม (ต่อพันแผ่น) | P29: =IF($G$28=0,0,P27*1000/$G$28) -> 0.10245627 | R29: =IF($G$28=0,0,R27*1000/$G$28) -> 0.96147986 | T29: =IF($G$28=0,0,T27*1000/$G$28) -> 0.094959469 | V29: =IF($G$28=0,0,V27*1000/$G$28) -> 2.3073688 | X29: =IF($G$28=0,0,X27*1000/$G$28) -> 0.052538551 | Z29: =IF($G$28=0,0,Z27*1000/$G$28) -> 34.375571 | AB29: =IF($G$28=0,0,AB27*1000/$G$28) -> 4.6931188 | AD29: =IF($G$28=0,0,AD27*1000/$G$28) -> 0.19351496 | AF29: =IF($G$28=0,0,AF27*1000/$G$28) -> 7.7405985 | AH29: =IF($G$28=0,0,AH27*1000/$G$28) -> 0 | AJ29: =IF($G$28=0,0,AJ27*1000/$G$28) -> 0
A31: รายงานการแกะครอบ | I31: รายละเอียดครอบเสีย | AI31: แผ่นดีนำไปกองเก็บจำนวนไม้ / แผ่น | AK31: หมายเหตุ
A32: กะที่ | B32: LOT NO. | C32: ลอน | D32: สี | E32: จำนวนที่นำมาแกะ | F32: แผ่นดี | G32: Reject | I32: แผ่นเสีย | J32: ร้าวผิว ตัวกระเบื้อง | K32: ร้าว รางลิ้นหงาย | L32: ร้าว ล่างรางลิ้นคว่ำ | M32: ร้าว ล่างตัวครอบ | N32: ร้าว ชายกระเบื้อง | O32: ร้าว เขื่อนรางลิ้นหงาย | P32: ร้าว เขื่อนรางลิ้นคว่ำ | Q32: บิ่นแหว่ง | R32: ผิวครอบปูดบวม | S32: ผิวครอบไม่เรียบ | T32: ขอบไม่คม / ไม่เรียบ | U32: รูพรุน | V32: แตกรูตะปู | W32: เนื้อแหว่งใต้ครอบ | X32: ปูนติดโมล | Y32: สี Salary ไม่เต็ม | Z32: สีเป็นเม็ด | AA32: สีพอง | AB32: สีด้าน | AC32: สีหยด | AD32: สีปูด | AE32: ครอบบาง/น้ำหนักเบา | AF32: ยกชน Rack | AG32: รถยกชน | AH32: อื่นๆ
B33: =B5 -> 0 | C33: ครอบสัน | D33: =D5 -> 0 | E33: =G5 -> 0 | G33: =IF(E33=0,"",(E33-F33)/E33) | I33: =SUM(J33:AH33) -> 0
B34: =B6 -> 0 | C34: ครอบปิดจั่ว | D34: =D6 -> 0 | E34: =G6 -> 0 | G34: =IF(E34=0,"",(E34-F34)/E34) | I34: =SUM(J34:AH34) -> 0
B35: =B7 -> I13690811 | C35: ครอบตะเข้ | D35: =D7 -> เทาปีกนางนวล (ไม่มีรูตะปู)*N | E35: =G7 -> 5623 | F35: =210*25+175+6 -> 5431 | G35: =IF(E35=0,"",(E35-F35)/E35) -> 0.034145474 | I35: =SUM(J35:AH35) -> 192 | K35: =6+3+3+5+1+3+10+3+2+5+1+5 -> 47 | L35: 1 | M35: =2+5 -> 7 | R35: =2+10+2+5+2+7+1+6+15 -> 50 | W35: =15+10 -> 25 | Y35: =7+4+3+5+2+3+3 -> 27 | AB35: 4 | AC35: =4+4+3+4 -> 15 | AD35: =7 -> 7 | AE35: =3+5 -> 8 | AF35: 1 | AI35: 210*25+ศ.175+QC6 | AK35: จบ Lot. ส่งวันที่ 8/8/69
A36: 1 | B36: =B8 -> 0 | C36: ครอบปิดปลายตะเข้ | D36: =D8 -> 0 | E36: =G8 -> 0 | G36: =IF(E36=0,"",(E36-F36)/E36) | I36: =SUM(J36:AH36) -> 0
B37: =B9 -> 0 | C37: ครอบข้างซิมเลท | D37: =D9 -> 0 | E37: =G9 -> 0 | G37: =IF(E37=0,"",(E37-F37)/E37) | I37: =SUM(J37:AH37) -> 0
B38: =B10 -> 0 | C38: ครอบข้างปิดปลายซิมเลท | D38: =D10 -> 0 | E38: =G10 -> 0 | G38: =IF(E38=0,"",(E38-F38)/E38) | I38: =SUM(J38:AH38) -> 0
B39: =B11 -> 0 | C39: ครอบหัวผนัง | D39: =D11 -> 0 | E39: =G11 -> 0 | G39: =IF(E39=0,"",(E39-F39)/E39) | I39: =SUM(J39:AH39) -> 0
B40: =B12 -> 0 | C40: ครอบข้างผนัง | D40: =D12 -> 0 | E40: =G12 -> 0 | G40: =IF(E40=0,"",(E40-F40)/E40) | I40: =SUM(J40:AH40) -> 0
B41: =B13 -> 0 | C41: ครอบปั้นลม | D41: =D13 -> 0 | E41: =G13 -> 0 | G41: =IF(E41=0,"",(E41-F41)/E41) | I41: =SUM(J41:AH41) -> 0
B42: =B14 -> 0 | C42: ครอบปิดปลายปั้นลม | D42: =D14 -> 0 | E42: =G14 -> 0 | G42: =IF(E42=0,"",(E42-F42)/E42) | I42: =SUM(J42:AH42) -> 0
A43: รวมกะที่ 1 | E43: =SUM(E33:E42) -> 5623 | F43: =SUM(F33:F42) -> 5431 | G43: =IF(E43=0,"",(E43-F43)/E43) -> 0.034145474 | I43: =SUM(J43:AH43) -> 192 | J43: =SUM(J33:J42) -> 0 | K43: =SUM(K33:K42) -> 47 | L43: =SUM(L33:L42) -> 1 | M43: =SUM(M33:M42) -> 7 | N43: =SUM(N33:N42) -> 0 | O43: =SUM(O33:O42) -> 0 | P43: =SUM(P33:P42) -> 0 | Q43: =SUM(Q33:Q42) -> 0 | ... AH43: =SUM(AH33:AH42) -> 0
B44: =B16 -> 0 | C44: ครอบสัน | D44: =D16 -> 0 | E44: =G16 -> 0 | G44: =IF(E44=0,"",(E44-F44)/E44) | I44: =SUM(J44:AH44) -> 0
B45: =B17 -> 0 | C45: ครอบปิดจั่ว | D45: =D17 -> 0 | E45: =G17 -> 0 | G45: =IF(E45=0,"",(E45-F45)/E45) | I45: =SUM(J45:AH45) -> 0
A46: 2 | B46: =B18 -> I13690813 | C46: ครอบตะเข้ | D46: =D18 -> ลิกไนท์เกรย์ (ไม่มีรูตะปู)*N | E46: =G18 -> 10784 | F46: =210*48+103+6 -> 10189 | G46: =IF(E46=0,"",(E46-F46)/E46) -> 0.055174332 | I46: =SUM(J46:AH46) -> 595 | K46: =9+20+8+3+2+1+7+1+4 -> 55 | L46: =2+25+25+30+20+2+25+30+5+5+8+5+4+2 -> 188 | M46: 2 | Q46: 3 | R46: 177 | S46: 2 | W46: =2+25 -> 27 | Y46: 10 | Z46: 10 | AC46: =6+5+5+25+7+10+7+3+2 -> 70 | AD46: =4+8+21 -> 33 | AF46: =6+4+2+4+2 -> 18 | AI46: 210*48+ศ.103+QC6 | AK46: จบ Lot. ส่งวันที่ 10/8/69
B47: =B19 -> 0 | C47: ครอบปิดปลายตะเข้ | D47: =D19 -> 0 | E47: 0 | G47: =IF(E47=0,"",(E47-F47)/E47) | I47: =SUM(J47:AH47) -> 0
B48: =B20 -> 0 | C48: ครอบข้างซิมเลท | D48: =D20 -> 0 | E48: 0 | G48: =IF(E48=0,"",(E48-F48)/E48) | I48: =SUM(J48:AH48) -> 0
B49: =B21 -> 0 | C49: ครอบข้างปิดปลายซิมเลท | D49: =D21 -> 0 | E49: =G21 -> 0 | G49: =IF(E49=0,"",(E49-F49)/E49) | I49: =SUM(J49:AH49) -> 0
B50: =B22 -> 0 | C50: ครอบหัวผนัง | D50: =D22 -> 0 | E50: =G22 -> 0 | G50: =IF(E50=0,"",(E50-F50)/E50) | I50: =SUM(J50:AH50) -> 0
B51: =B23 -> 0 | C51: ครอบข้างผนัง | D51: =D23 -> 0 | E51: =G23 -> 0 | G51: =IF(E51=0,"",(E51-F51)/E51) | I51: =SUM(J51:AH51) -> 0
B52: =B24 -> 0 | C52: ครอบปั้นลม | D52: =D24 -> 0 | E52: =G24 -> 0 | G52: =IF(E52=0,"",(E52-F52)/E52) | I52: =SUM(J52:AH52) -> 0
B53: =B25 -> 0 | C53: ครอบปิดปลายปั้นลม | D53: =D25 -> 0 | E53: =G25 -> 0 | G53: =IF(E53=0,"",(E53-F53)/E53) | I53: =SUM(J53:AH53) -> 0
A54: รวมกะที่ 2 | E54: =SUM(E44:E53) -> 10784 | F54: =SUM(F44:F53) -> 10189 | G54: =IF(E54=0,"",(E54-F54)/E54) -> 0.055174332 | I54: =SUM(J54:AH54) -> 595 | J54: =SUM(J44:J53) -> 0 | K54: =SUM(K44:K53) -> 55 | L54: =SUM(L44:L53) -> 188 | M54: =SUM(M44:M53) -> 2 | N54: =SUM(N44:N53) -> 0 | O54: =SUM(O44:O53) -> 0 | P54: =SUM(P44:P53) -> 0 | Q54: =SUM(Q44:Q53) -> 3 | ... AH54: =SUM(AH44:AH53) -> 0
A55: รวมทุกกะ | E55: =E43+E54 -> 16407 | F55: =F43+F54 -> 15620 | G55: =IF(E55=0,"",(E55-F55)/E55) -> 0.047967331 | I55: =SUM(I43,I54) -> 787 | J55: =SUM(J43,J54) -> 0 | K55: =SUM(K43,K54) -> 102 | L55: =SUM(L43,L54) -> 189 | M55: =SUM(M43,M54) -> 9 | N55: =SUM(N43,N54) -> 0 | O55: =SUM(O43,O54) -> 0 | P55: =SUM(P43,P54) -> 0 | ... AH55: =SUM(AH43,AH54) -> 0
A57: ผู้ทำรายงาน | E57: หม.ผลิต | I57: หง.ผ | P57: หม.จัดบรรทุก | W57: พ.จ่ายสินค้า | AF57: ผร.
A59: สำเนาเรียน : หัวหน้างานวางแผนผลิต, พนักงานควบคุมคุณภาพ | AI59: GN-F-PD-212 (1 พฤศจิกายน 2551)

Sheet 8
A1: รายงานการผลิตครอบประจำวัน | F1: ครอบ Prestige โรงงานสระบุรี 2/3 | L1: สัปดาห์ที่ | M1: 00/69 | Q1: วันที่ผลิต | R1: 244569 | V1: MATERIAL DOCUMENT NO
E2: จำนวนที่ผลิต | I2: ปริมาณการใช้วัตถุดิบ | P2: เถ้าลอย | R2: ปูนซีเมนต์ | T2: ปูนซีเมนต์ | V2: ทราย | X2: ทราย | Z2: Water Base | AB2: MOULD | AD2: Adva | AF2: สีพื้น | AH2: สีเหลือบ | AJ2: สีเหลือบ
A3: กะที่ | B3: LOT NO. | C3: ลอน | D3: สี | E3: (แผ่น) | R3: ผสมตัว | T3: ผสมสี | V3: ผสมตัว | X3: ผสมสี | Z3: Spray | AB3: OIL | AH3: 1 | AJ3: 2
E4: Plan | F4: Counter | G4: ห้องบ่ม | H4: Wet Reject | P4: (ตัน) | R4: (ตัน) | T4: (ตัน) | V4: (ตัน) | X4: (ตัน) | Z4: (ลิตร) | AB4: (ลิตร) | AD4: (ลิตร) | AF4: (แผ่น/ถัง) | AH4: (แผ่น/ถัง) | AJ4: (แผ่น/ถัง)
C5: ครอบสัน | H5: =IF(F5=0,"",(F5-G5)/F5) | I5: ปริมาณการใช้กะ 1 | P5: 0.018 | R5: 5.308 | T5: 0.358 | V5: 11.608 | X5: 0.204 | Z5: =200-48 -> 152 | AB5: 19 | AD5: =SUM(AF5:AK5)*0.025 -> 0.75 | AF5: =9+14+7 -> 30 | AH5: 0 | AJ5: 0
A6: 1 | C6: ครอบปิดจั่ว | H6: =IF(F6=0,"",(F6-G6)/F6) | I6: คำนวณจาก Counter (ต่อพันแผ่น) | P6: =IF($F$15=0,0,P5*1000/$F$15) -> 0.0035580154 | R6: =IF($F$15=0,0,R5*1000/$F$15) -> 1.0492192 | T6: =IF($F$15=0,0,T5*1000/$F$15) -> 0.070764973 | V6: =IF($F$15=0,0,V5*1000/$F$15) -> 2.2945246 | X6: =IF($F$15=0,0,X5*1000/$F$15) -> 0.040324175 | Z6: =IF($F$15=0,0,Z5*1000/$F$15) -> 30.045464 | AB6: =IF($F$15=0,0,AB5*1000/$F$15) -> 3.7556829 | AD6: =IF($F$15=0,0,AD5*1000/$F$15) -> 0.14825064 | AF6: =IF(AF5=0,0,F15/AF5) -> 168.63333 | AH6: =IF(AH5=0,0,F15/AH5) -> 0 | AJ6: =IF(AJ5=0,0,F15/AJ5) -> 0
B7: I13690815 | C7: ครอบตะเข้ | D7: ขาวปุ่ยนุ่น (ไม่มีรูตะปู)*N | E7: 5040 | F7: 5059 | G7: 4472 | H7: =IF(F7=0,"",(F7-G7)/F7) -> 0.11603084 | I7: คำนวณจาก ห้องบ่ม (ต่อพันแผ่น) | P7: =IF($G$15=0,0,P5*1000/$G$15) -> 0.0040250447 | R7: =IF($G$15=0,0,R5*1000/$G$15) -> 1.186941 | T7: =IF($G$15=0,0,T5*1000/$G$15) -> 0.080053667 | V7: =IF($G$15=0,0,V5*1000/$G$15) -> 2.5957066 | X7: =IF($G$15=0,0,X5*1000/$G$15) -> 0.045617174 | Z7: =IF($G$15=0,0,Z5*1000/$G$15) -> 33.989267 | AB7: =IF($G$15=0,0,AB5*1000/$G$15) -> 4.2486583 | AD7: =IF($G$15=0,0,AD5*1000/$G$15) -> 0.1677102 | AF7: =IF(AF5=0,0,G15/AF5) -> 149.06667 | AH7: =IF(AH5=0,0,G15/AH5) -> 0 | AJ7: =IF(AJ5=0,0,G15/AJ5) -> 0
C8: ครอบปิดปลายตะเข้ | H8: =IF(F8=0,"",(F8-G8)/F8) | I8: ใช้ปูน ( Batch) | P8: 64
C9: ครอบข้างซิมเลท | H9: =IF(F9=0,"",(F9-G9)/F9) | I9: ทิ้งปูน (Batct)
C10: ครอบข้างปิดปลายซิมเลท | H10: =IF(F10=0,"",(F10-G10)/F10) | I10: ทิ้งสีพื้น (ถัง)
C11: ครอบหัวผนัง | H11: =IF(F11=0,"",(F11-G11)/F11) | I11: ทิ้งสีเหลือบ (ถัง)
C12: ครอบข้างผนัง | H12: =IF(F12=0,"",(F12-G12)/F12) | I12: ใช้ผ้า (ผืน) | P12: =1+1+1+1+1+1+1+1+1+1+3+1 -> 14
C13: ครอบปั้นลม | H13: =IF(F13=0,"",(F13-G13)/F13) | I13: ใช้ผ้า (แผ่น/ผืน) | P13: =F15/P12 -> 361.35714
C14: ครอบปิดปลายปั้นลม | H14: =IF(F14=0,"",(F14-G14)/F14) | I14: ใช้ตะแกรง (แผ่น) | P14: 6
A15: รวมกะที่ 1 | E15: =SUM(E5:E14) -> 5040 | F15: =SUM(F5:F14) -> 5059 | G15: =SUM(G5:G14) -> 4472 | H15: =IF(F15=0,"",(F15-G15)/F15) -> 0.11603084 | I15: ใช้ตะแกรง (แผ่น/ผืน) | P15: =F15/P14 -> 843.16667
C16: ครอบสัน | H16: =IF(F16=0,"",(F16-G16)/F16) | I16: ปริมาณการใช้กะ 2 | P16: 0 | R16: 1.527 | T16: 0.159 | V16: 3.347 | X16: 0.092 | Z16: =106-8 -> 98 | AB16: 62 | AD16: =SUM(AF16:AK16)*0.025 -> 0.325 | AF16: =13 -> 13 | AH16: 0 | AJ16: 0
A17: 2 | C17: ครอบปิดจั่ว | H17: =IF(F17=0,"",(F17-G17)/F17) | I17: คำนวณจาก Counter (ต่อพันแผ่น) | P17: =IF($F$26=0,0,P16*1000/$F$26) -> 0 | R17: =IF($F$26=0,0,R16*1000/$F$26) -> 0.70891365 | T17: =IF($F$26=0,0,T16*1000/$F$26) -> 0.073816156 | V17: =IF($F$26=0,0,V16*1000/$F$26) -> 1.5538533 | X17: =IF($F$26=0,0,X16*1000/$F$26) -> 0.042711235 | Z17: =IF($F$26=0,0,Z16*1000/$F$26) -> 45.49675 | AB17: =IF($F$26=0,0,AB16*1000/$F$26) -> 28.783658 | AD17: =IF($F$26=0,0,AD16*1000/$F$26) -> 0.15088208 | AF17: =IF(AF16=0,0,F26/AF16) -> 165.69231 | AH17: =IF($F$26=0,0,AH16*1000/$F$26) -> 0 | AJ17: =IF($F$26=0,0,AJ16*1000/$F$26) -> 0
B18: I13690816 | C18: ครอบตะเข้ | D18: แดงกุหลาบ (ไม่มีรูตะปู)*N | E18: 1260 | F18: 2154 | G18: 1802 | H18: =IF(F18=0,"",(F18-G18)/F18) -> 0.1634169 | I18: คำนวณจาก ห้องบ่ม (ต่อพันแผ่น) | P18: =IF($G$26=0,0,P16*1000/$G$26) -> 0 | R18: =IF($G$26=0,0,R16*1000/$G$26) -> 0.84739179 | T18: =IF($G$26=0,0,T16*1000/$G$26) -> 0.088235294 | V18: =IF($G$26=0,0,V16*1000/$G$26) -> 1.8573807 | X18: =IF($G$26=0,0,X16*1000/$G$26) -> 0.051054384 | Z18: =IF($G$26=0,0,Z16*1000/$G$26) -> 54.384018 | AB18: =IF($G$26=0,0,AB16*1000/$G$26) -> 34.406215 | AD18: =IF($G$26=0,0,AD16*1000/$G$26) -> 0.18035516 | AF18: =IF(AF16=0,0,G26/AF16) -> 138.61538 | AH18: =IF($G$26=0,0,AH16*1000/$G$26) -> 0 | AJ18: =IF($G$26=0,0,AJ16*1000/$G$26) -> 0
C19: ครอบปิดปลายตะเข้ | H19: =IF(F19=0,"",(F19-G19)/F19) | I19: ใช้ปูน ( Batch) | P19: 18
C20: ครอบข้างซิมเลท | H20: =IF(F20=0,"",(F20-G20)/F20) | I20: ทิ้งปูน (Batct)
C21: ครอบข้างปิดปลายซิมเลท | H21: =IF(F21=0,"",(F21-G21)/F21) | I21: ทิ้งสีพื้น (ถัง)
C22: ครอบหัวผนัง | H22: =IF(F22=0,"",(F22-G22)/F22) | I22: ทิ้งสีเหลือบ (ถัง)
C23: ครอบข้างผนัง | H23: =IF(F23=0,"",(F23-G23)/F23) | I23: ใช้ผ้า (ผืน) | P23: =2+2+2+2+2 -> 10
C24: ครอบปั้นลม | H24: =IF(F24=0,"",(F24-G24)/F24) | I24: ใช้ผ้า (แผ่น/ผืน) | P24: =F26/P23 -> 215.4
C25: ครอบปิดปลายปั้นลม | H25: =IF(F25=0,"",(F25-G25)/F25) | I25: ใช้ตะแกรง (แผ่น) | P25: 5
A26: รวมกะที่ 2 | E26: =SUM(E16:E25) -> 1260 | F26: =SUM(F16:F25) -> 2154 | G26: =SUM(G16:G25) -> 1802 | H26: =IF(F26=0,"",(F26-G26)/F26) -> 0.1634169 | I26: ใช้ตะแกรง (แผ่น/ผืน) | P26: =F26/P25 -> 430.8
I27: ปริมาณการใช้รวม | P27: =SUM(P5,P16) -> 0.018 | R27: =SUM(R5,R16) -> 6.835 | T27: =SUM(T5,T16) -> 0.517 | V27: =SUM(V5,V16) -> 14.955 | X27: =SUM(X5,X16) -> 0.296 | Z27: =SUM(Z5,Z16) -> 250 | AB27: =SUM(AB5,AB16) -> 81 | AD27: =SUM(AD5,AD16) -> 1.075 | AF27: =SUM(AF5,AF16) -> 43 | AH27: =SUM(AH5,AH16) -> 0 | AJ27: =SUM(AJ5,AJ16) -> 0
A28: รวมทุกกะ | E28: =E15+E26 -> 6300 | F28: =F15+F26 -> 7213 | G28: =G15+G26 -> 6274 | H28: =IF(F28=0,"",(F28-G28)/F28) -> 0.13018162 | I28: คำนวณจาก Counter (ต่อพันแผ่น) | P28: =IF($F$28=0,0,P27*1000/$F$28) -> 0.0024954942 | R28: =IF($F$28=0,0,R27*1000/$F$28) -> 0.94759462 | T28: =IF($F$28=0,0,T27*1000/$F$28) -> 0.07167614 | V28: =IF($F$28=0,0,V27*1000/$F$28) -> 2.0733398 | X28: =IF($F$28=0,0,X27*1000/$F$28) -> 0.041037016 | Z28: =IF($F$28=0,0,Z27*1000/$F$28) -> 34.659642 | AB28: =IF($F$28=0,0,AB27*1000/$F$28) -> 11.229724 | AD28: =IF($F$28=0,0,AD27*1000/$F$28) -> 0.14903646 | AF28: =IF($F$28=0,0,AF27*1000/$F$28) -> 5.9614585 | AH28: =IF($F$28=0,0,AH27*1000/$F$28) -> 0 | AJ28: =IF($F$28=0,0,AJ27*1000/$F$28) -> 0
I29: คำนวณจาก ห้องบ่ม (ต่อพันแผ่น) | P29: =IF($G$28=0,0,P27*1000/$G$28) -> 0.0028689831 | R29: =IF($G$28=0,0,R27*1000/$G$28) -> 1.0894166 | T29: =IF($G$28=0,0,T27*1000/$G$28) -> 0.08240357 | V29: =IF($G$28=0,0,V27*1000/$G$28) -> 2.3836468 | X29: =IF($G$28=0,0,X27*1000/$G$28) -> 0.047178833 | Z29: =IF($G$28=0,0,Z27*1000/$G$28) -> 39.846988 | AB29: =IF($G$28=0,0,AB27*1000/$G$28) -> 12.910424 | AD29: =IF($G$28=0,0,AD27*1000/$G$28) -> 0.17134205 | AF29: =IF($G$28=0,0,AF27*1000/$G$28) -> 6.8536819 | AH29: =IF($G$28=0,0,AH27*1000/$G$28) -> 0 | AJ29: =IF($G$28=0,0,AJ27*1000/$G$28) -> 0
A31: รายงานการแกะครอบ | I31: รายละเอียดครอบเสีย | AI31: แผ่นดีนำไปกองเก็บจำนวนไม้ / แผ่น | AK31: หมายเหตุ
A32: กะที่ | B32: LOT NO. | C32: ลอน | D32: สี | E32: จำนวนที่นำมาแกะ | F32: แผ่นดี | G32: Reject | I32: แผ่นเสีย | J32: ร้าวผิว ตัวกระเบื้อง | K32: ร้าว รางลิ้นหงาย | L32: ร้าว ล่างรางลิ้นคว่ำ | M32: ร้าว ล่างตัวครอบ | N32: ร้าว ชายกระเบื้อง | O32: ร้าว เขื่อนรางลิ้นหงาย | P32: ร้าว เขื่อนรางลิ้นคว่ำ | Q32: บิ่นแหว่ง | R32: ผิวครอบปูดบวม | S32: ผิวครอบไม่เรียบ | T32: ขอบไม่คม / ไม่เรียบ | U32: รูพรุน | V32: แตกรูตะปู | W32: เนื้อแหว่งใต้ครอบ | X32: ปูนติดโมล | Y32: สี Salary ไม่เต็ม | Z32: สีเป็นเม็ด | AA32: สีพอง | AB32: สีด้าน | AC32: สีหยด | AD32: สีปูด | AE32: ครอบบาง/น้ำหนักเบา | AF32: ยกชน Rack | AG32: รถยกชน | AH32: อื่นๆ
B33: =B5 -> 0 | C33: ครอบสัน | D33: =D5 -> 0 | E33: =G5 -> 0 | G33: =IF(E33=0,"",(E33-F33)/E33) | I33: =SUM(J33:AH33) -> 0
B34: =B6 -> 0 | C34: ครอบปิดจั่ว | D34: =D6 -> 0 | E34: =G6 -> 0 | G34: =IF(E34=0,"",(E34-F34)/E34) | I34: =SUM(J34:AH34) -> 0
B35: =B7 -> I13690815 | C35: ครอบตะเข้ | D35: =D7 -> ขาวปุ่ยนุ่น (ไม่มีรูตะปู)*N | E35: =G7 -> 4472 | F35: =210*19+6 -> 3996 | G35: =IF(E35=0,"",(E35-F35)/E35) -> 0.10644007 | I35: =SUM(J35:AH35) -> 476 | K35: 14 | O35: =8+25+25+20+15+4 -> 97 | AE35: =6+13+7+25+25+20+50+20+20+20+100 -> 306 | AH35: =476-417 -> 59 | AI35: 210*19+QC6 | AK35: จบ Lot. ส่งวันที่ 10/8/69
A36: 1 | B36: =B8 -> 0 | C36: ครอบปิดปลายตะเข้ | D36: =D8 -> 0 | E36: =G8 -> 0 | G36: =IF(E36=0,"",(E36-F36)/E36) | I36: =SUM(J36:AH36) -> 0
B37: =B9 -> 0 | C37: ครอบข้างซิมเลท | D37: =D9 -> 0 | E37: =G9 -> 0 | G37: =IF(E37=0,"",(E37-F37)/E37) | I37: =SUM(J37:AH37) -> 0
B38: =B10 -> 0 | C38: ครอบข้างปิดปลายซิมเลท | D38: =D10 -> 0 | E38: =G10 -> 0 | G38: =IF(E38=0,"",(E38-F38)/E38) | I38: =SUM(J38:AH38) -> 0
B39: =B11 -> 0 | C39: ครอบหัวผนัง | D39: =D11 -> 0 | E39: =G11 -> 0 | G39: =IF(E39=0,"",(E39-F39)/E39) | I39: =SUM(J39:AH39) -> 0
B40: =B12 -> 0 | C40: ครอบข้างผนัง | D40: =D12 -> 0 | E40: =G12 -> 0 | G40: =IF(E40=0,"",(E40-F40)/E40) | I40: =SUM(J40:AH40) -> 0
B41: =B13 -> 0 | C41: ครอบปั้นลม | D41: =D13 -> 0 | E41: =G13 -> 0 | G41: =IF(E41=0,"",(E41-F41)/E41) | I41: =SUM(J41:AH41) -> 0
B42: =B14 -> 0 | C42: ครอบปิดปลายปั้นลม | D42: =D14 -> 0 | E42: =G14 -> 0 | G42: =IF(E42=0,"",(E42-F42)/E42) | I42: =SUM(J42:AH42) -> 0
A43: รวมกะที่ 1 | E43: =SUM(E33:E42) -> 4472 | F43: =SUM(F33:F42) -> 3996 | G43: =IF(E43=0,"",(E43-F43)/E43) -> 0.10644007 | I43: =SUM(J43:AH43) -> 476 | J43: =SUM(J33:J42) -> 0 | K43: =SUM(K33:K42) -> 14 | L43: =SUM(L33:L42) -> 0 | M43: =SUM(M33:M42) -> 0 | N43: =SUM(N33:N42) -> 0 | O43: =SUM(O33:O42) -> 97 | P43: =SUM(P33:P42) -> 0 | Q43: =SUM(Q33:Q42) -> 0 | ... AH43: =SUM(AH33:AH42) -> 59
B44: =B16 -> 0 | C44: ครอบสัน | D44: =D16 -> 0 | E44: =G16 -> 0 | G44: =IF(E44=0,"",(E44-F44)/E44) | I44: =SUM(J44:AH44) -> 0
B45: =B17 -> 0 | C45: ครอบปิดจั่ว | D45: =D17 -> 0 | E45: =G17 -> 0 | G45: =IF(E45=0,"",(E45-F45)/E45) | I45: =SUM(J45:AH45) -> 0
A46: 2 | B46: =B18 -> I13690816 | C46: ครอบตะเข้ | D46: =D18 -> แดงกุหลาบ (ไม่มีรูตะปู)*N | E46: =G18 -> 1802 | F46: =210*8+41+6 -> 1727 | G46: =IF(E46=0,"",(E46-F46)/E46) -> 0.041620422 | I46: =SUM(J46:AH46) -> 75 | K46: 20 | L46: 13 | M46: =3+2 -> 5 | O46: 1 | Q46: =2+3+2 -> 7 | W46: =18 -> 18 | Z46: 2 | AA46: 5 | AC46: 4 | AI46: 210*8+ศ.41+QC6 | AK46: จบ Lot. ส่งวันที่ 11/8/69
B47: =B19 -> 0 | C47: ครอบปิดปลายตะเข้ | D47: =D19 -> 0 | E47: =G19 -> 0 | G47: =IF(E47=0,"",(E47-F47)/E47) | I47: =SUM(J47:AH47) -> 0
B48: =B20 -> 0 | C48: ครอบข้างซิมเลท | D48: =D20 -> 0 | E48: =G20 -> 0 | G48: =IF(E48=0,"",(E48-F48)/E48) | I48: =SUM(J48:AH48) -> 0
B49: =B21 -> 0 | C49: ครอบข้างปิดปลายซิมเลท | D49: =D21 -> 0 | E49: =G21 -> 0 | G49: =IF(E49=0,"",(E49-F49)/E49) | I49: =SUM(J49:AH49) -> 0
B50: =B22 -> 0 | C50: ครอบหัวผนัง | D50: =D22 -> 0 | E50: =G22 -> 0 | G50: =IF(E50=0,"",(E50-F50)/E50) | I50: =SUM(J50:AH50) -> 0
B51: =B23 -> 0 | C51: ครอบข้างผนัง | D51: =D23 -> 0 | E51: =G23 -> 0 | G51: =IF(E51=0,"",(E51-F51)/E51) | I51: =SUM(J51:AH51) -> 0
B52: =B24 -> 0 | C52: ครอบปั้นลม | D52: =D24 -> 0 | E52: =G24 -> 0 | G52: =IF(E52=0,"",(E52-F52)/E52) | I52: =SUM(J52:AH52) -> 0
B53: =B25 -> 0 | C53: ครอบปิดปลายปั้นลม | D53: =D25 -> 0 | E53: =G25 -> 0 | G53: =IF(E53=0,"",(E53-F53)/E53) | I53: =SUM(J53:AH53) -> 0
A54: รวมกะที่ 2 | E54: =SUM(E44:E53) -> 1802 | F54: =SUM(F44:F53) -> 1727 | G54: =IF(E54=0,"",(E54-F54)/E54) -> 0.041620422 | I54: =SUM(J54:AH54) -> 75 | J54: =SUM(J44:J53) -> 0 | K54: =SUM(K44:K53) -> 20 | L54: =SUM(L44:L53) -> 13 | M54: =SUM(M44:M53) -> 5 | N54: =SUM(N44:N53) -> 0 | O54: =SUM(O44:O53) -> 1 | P54: =SUM(P44:P53) -> 0 | Q54: =SUM(Q44:Q53) -> 7 | ... AH54: =SUM(AH44:AH53) -> 0
A55: รวมทุกกะ | E55: =E43+E54 -> 6274 | F55: =F43+F54 -> 5723 | G55: =IF(E55=0,"",(E55-F55)/E55) -> 0.087822761 | I55: =SUM(I43,I54) -> 551 | J55: =SUM(J43,J54) -> 0 | K55: =SUM(K43,K54) -> 34 | L55: =SUM(L43,L54) -> 13 | M55: =SUM(M43,M54) -> 5 | N55: =SUM(N43,N54) -> 0 | O55: =SUM(O43,O54) -> 98 | P55: =SUM(P43,P54) -> 0 | ... AH55: =SUM(AH43,AH54) -> 59
A57: ผู้ทำรายงาน | E57: หม.ผลิต | I57: หง.ผ | P57: หม.จัดบรรทุก | W57: พ.จ่ายสินค้า | AF57: ผร.
A59: สำเนาเรียน : หัวหน้างานวางแผนผลิต, พนักงานควบคุมคุณภาพ | AI59: GN-F-PD-212 (1 พฤศจิกายน 2551)

Sheet 9
A1: รายงานการผลิตครอบประจำวัน | F1: ครอบ Prestige โรงงานสระบุรี 2/3 | L1: สัปดาห์ที่ | M1: 00/69 | Q1: วันที่ผลิต | R1: 00/08/2569 | V1: MATERIAL DOCUMENT NO
E2: จำนวนที่ผลิต | I2: ปริมาณการใช้วัตถุดิบ | P2: เถ้าลอย | R2: ปูนซีเมนต์ | T2: ปูนซีเมนต์ | V2: ทราย | X2: ทราย | Z2: Water Base | AB2: MOULD | AD2: Adva | AF2: สีพื้น | AH2: สีเหลือบ | AJ2: สีเหลือบ
A3: กะที่ | B3: LOT NO. | C3: ลอน | D3: สี | E3: (แผ่น) | R3: ผสมตัว | T3: ผสมสี | V3: ผสมตัว | X3: ผสมสี | Z3: Spray | AB3: OIL | AH3: 1 | AJ3: 2
E4: Plan | F4: Counter | G4: ห้องบ่ม | H4: Wet Reject | P4: (ตัน) | R4: (ตัน) | T4: (ตัน) | V4: (ตัน) | X4: (ตัน) | Z4: (ลิตร) | AB4: (ลิตร) | AD4: (ลิตร) | AF4: (แผ่น/ถัง) | AH4: (แผ่น/ถัง) | AJ4: (แผ่น/ถัง)
C5: ครอบสัน | H5: =IF(F5=0,"",(F5-G5)/F5) | I5: ปริมาณการใช้กะ 1 | P5: 0 | R5: 0 | T5: 0 | V5: 0 | X5: 0 | Z5: 0 | AB5: 0 | AD5: =SUM(AF5:AK5)*0.025 -> 0 | AF5: 0 | AH5: 0 | AJ5: 0
A6: 1 | C6: ครอบปิดจั่ว | H6: =IF(F6=0,"",(F6-G6)/F6) | I6: คำนวณจาก Counter (ต่อพันแผ่น) | P6: =IF($F$15=0,0,P5*1000/$F$15) -> 0 | R6: =IF($F$15=0,0,R5*1000/$F$15) -> 0 | T6: =IF($F$15=0,0,T5*1000/$F$15) -> 0 | V6: =IF($F$15=0,0,V5*1000/$F$15) -> 0 | X6: =IF($F$15=0,0,X5*1000/$F$15) -> 0 | Z6: =IF($F$15=0,0,Z5*1000/$F$15) -> 0 | AB6: =IF($F$15=0,0,AB5*1000/$F$15) -> 0 | AD6: =IF($F$15=0,0,AD5*1000/$F$15) -> 0 | AF6: =IF(AF5=0,0,F15/AF5) -> 0 | AH6: =IF(AH5=0,0,F15/AH5) -> 0 | AJ6: =IF(AJ5=0,0,F15/AJ5) -> 0
C7: ครอบตะเข้ | H7: =IF(F7=0,"",(F7-G7)/F7) | I7: คำนวณจาก ห้องบ่ม (ต่อพันแผ่น) | P7: =IF($G$15=0,0,P5*1000/$G$15) -> 0 | R7: =IF($G$15=0,0,R5*1000/$G$15) -> 0 | T7: =IF($G$15=0,0,T5*1000/$G$15) -> 0 | V7: =IF($G$15=0,0,V5*1000/$G$15) -> 0 | X7: =IF($G$15=0,0,X5*1000/$G$15) -> 0 | Z7: =IF($G$15=0,0,Z5*1000/$G$15) -> 0 | AB7: =IF($G$15=0,0,AB5*1000/$G$15) -> 0 | AD7: =IF($G$15=0,0,AD5*1000/$G$15) -> 0 | AF7: =IF(AF5=0,0,G15/AF5) -> 0 | AH7: =IF(AH5=0,0,G15/AH5) -> 0 | AJ7: =IF(AJ5=0,0,G15/AJ5) -> 0
C8: ครอบปิดปลายตะเข้ | H8: =IF(F8=0,"",(F8-G8)/F8) | I8: ใช้ปูน ( Batch)
C9: ครอบข้างซิมเลท | H9: =IF(F9=0,"",(F9-G9)/F9) | I9: ทิ้งปูน (Batct)
C10: ครอบข้างปิดปลายซิมเลท | H10: =IF(F10=0,"",(F10-G10)/F10) | I10: ทิ้งสีพื้น (ถัง)
C11: ครอบหัวผนัง | H11: =IF(F11=0,"",(F11-G11)/F11) | I11: ทิ้งสีเหลือบ (ถัง)
C12: ครอบข้างผนัง | H12: =IF(F12=0,"",(F12-G12)/F12) | I12: ใช้ผ้า (ผืน)
C13: ครอบปั้นลม | H13: =IF(F13=0,"",(F13-G13)/F13) | I13: ใช้ผ้า (แผ่น/ผืน) | P13: =F15/P12 -> #DIV/0!
C14: ครอบปิดปลายปั้นลม | H14: =IF(F14=0,"",(F14-G14)/F14) | I14: ใช้ตะแกรง (แผ่น)
A15: รวมกะที่ 1 | E15: =SUM(E5:E14) -> 0 | F15: =SUM(F5:F14) -> 0 | G15: =SUM(G5:G14) -> 0 | H15: =IF(F15=0,"",(F15-G15)/F15) | I15: ใช้ตะแกรง (แผ่น/ผืน) | P15: =F15/P14 -> #DIV/0!
C16: ครอบสัน | H16: =IF(F16=0,"",(F16-G16)/F16) | I16: ปริมาณการใช้กะ 2 | P16: 0 | R16: 0 | T16: 0 | V16: 0 | X16: 0 | Z16: 0 | AB16: 0 | AD16: =SUM(AF16:AK16)*0.025 -> 0 | AF16: 0 | AH16: 0 | AJ16: 0
A17: 2 | C17: ครอบปิดจั่ว | H17: =IF(F17=0,"",(F17-G17)/F17) | I17: คำนวณจาก Counter (ต่อพันแผ่น) | P17: =IF($F$26=0,0,P16*1000/$F$26) -> 0 | R17: =IF($F$26=0,0,R16*1000/$F$26) -> 0 | T17: =IF($F$26=0,0,T16*1000/$F$26) -> 0 | V17: =IF($F$26=0,0,V16*1000/$F$26) -> 0 | X17: =IF($F$26=0,0,X16*1000/$F$26) -> 0 | Z17: =IF($F$26=0,0,Z16*1000/$F$26) -> 0 | AB17: =IF($F$26=0,0,AB16*1000/$F$26) -> 0 | AD17: =IF($F$26=0,0,AD16*1000/$F$26) -> 0 | AF17: =IF($F$26=0,0,AF16*1000/$F$26) -> 0 | AH17: =IF($F$26=0,0,AH16*1000/$F$26) -> 0 | AJ17: =IF($F$26=0,0,AJ16*1000/$F$26) -> 0
C18: ครอบตะเข้ | H18: =IF(F18=0,"",(F18-G18)/F18) | I18: คำนวณจาก ห้องบ่ม (ต่อพันแผ่น) | P18: =IF($G$26=0,0,P16*1000/$G$26) -> 0 | R18: =IF($G$26=0,0,R16*1000/$G$26) -> 0 | T18: =IF($G$26=0,0,T16*1000/$G$26) -> 0 | V18: =IF($G$26=0,0,V16*1000/$G$26) -> 0 | X18: =IF($G$26=0,0,X16*1000/$G$26) -> 0 | Z18: =IF($G$26=0,0,Z16*1000/$G$26) -> 0 | AB18: =IF($G$26=0,0,AB16*1000/$G$26) -> 0 | AD18: =IF($G$26=0,0,AD16*1000/$G$26) -> 0 | AF18: =IF($G$26=0,0,AF16*1000/$G$26) -> 0 | AH18: =IF($G$26=0,0,AH16*1000/$G$26) -> 0 | AJ18: =IF($G$26=0,0,AJ16*1000/$G$26) -> 0
C19: ครอบปิดปลายตะเข้ | H19: =IF(F19=0,"",(F19-G19)/F19) | I19: ใช้ปูน ( Batch)
C20: ครอบข้างซิมเลท | H20: =IF(F20=0,"",(F20-G20)/F20) | I20: ทิ้งปูน (Batct)
C21: ครอบข้างปิดปลายซิมเลท | H21: =IF(F21=0,"",(F21-G21)/F21) | I21: ทิ้งสีพื้น (ถัง)
C22: ครอบหัวผนัง | H22: =IF(F22=0,"",(F22-G22)/F22) | I22: ทิ้งสีเหลือบ (ถัง)
C23: ครอบข้างผนัง | H23: =IF(F23=0,"",(F23-G23)/F23) | I23: ใช้ผ้า (ผืน)
C24: ครอบปั้นลม | H24: =IF(F24=0,"",(F24-G24)/F24) | I24: ใช้ผ้า (แผ่น/ผืน) | P24: =F26/P23 -> #DIV/0!
C25: ครอบปิดปลายปั้นลม | H25: =IF(F25=0,"",(F25-G25)/F25) | I25: ใช้ตะแกรง (แผ่น)
A26: รวมกะที่ 2 | E26: =SUM(E16:E25) -> 0 | F26: =SUM(F16:F25) -> 0 | G26: =SUM(G16:G25) -> 0 | H26: =IF(F26=0,"",(F26-G26)/F26) | I26: ใช้ตะแกรง (แผ่น/ผืน) | P26: =F26/P25 -> #DIV/0!
I27: ปริมาณการใช้รวม | P27: =SUM(P5,P16) -> 0 | R27: =SUM(R5,R16) -> 0 | T27: =SUM(T5,T16) -> 0 | V27: =SUM(V5,V16) -> 0 | X27: =SUM(X5,X16) -> 0 | Z27: =SUM(Z5,Z16) -> 0 | AB27: =SUM(AB5,AB16) -> 0 | AD27: =SUM(AD5,AD16) -> 0 | AF27: =SUM(AF5,AF16) -> 0 | AH27: =SUM(AH5,AH16) -> 0 | AJ27: =SUM(AJ5,AJ16) -> 0
A28: รวมทุกกะ | E28: =E15+E26 -> 0 | F28: =F15+F26 -> 0 | G28: =G15+G26 -> 0 | H28: =IF(F28=0,"",(F28-G28)/F28) | I28: คำนวณจาก Counter (ต่อพันแผ่น) | P28: =IF($F$28=0,0,P27*1000/$F$28) -> 0 | R28: =IF($F$28=0,0,R27*1000/$F$28) -> 0 | T28: =IF($F$28=0,0,T27*1000/$F$28) -> 0 | V28: =IF($F$28=0,0,V27*1000/$F$28) -> 0 | X28: =IF($F$28=0,0,X27*1000/$F$28) -> 0 | Z28: =IF($F$28=0,0,Z27*1000/$F$28) -> 0 | AB28: =IF($F$28=0,0,AB27*1000/$F$28) -> 0 | AD28: =IF($F$28=0,0,AD27*1000/$F$28) -> 0 | AF28: =IF($F$28=0,0,AF27*1000/$F$28) -> 0 | AH28: =IF($F$28=0,0,AH27*1000/$F$28) -> 0 | AJ28: =IF($F$28=0,0,AJ27*1000/$F$28) -> 0
I29: คำนวณจาก ห้องบ่ม (ต่อพันแผ่น) | P29: =IF($G$28=0,0,P27*1000/$G$28) -> 0 | R29: =IF($G$28=0,0,R27*1000/$G$28) -> 0 | T29: =IF($G$28=0,0,T27*1000/$G$28) -> 0 | V29: =IF($G$28=0,0,V27*1000/$G$28) -> 0 | X29: =IF($G$28=0,0,X27*1000/$G$28) -> 0 | Z29: =IF($G$28=0,0,Z27*1000/$G$28) -> 0 | AB29: =IF($G$28=0,0,AB27*1000/$G$28) -> 0 | AD29: =IF($G$28=0,0,AD27*1000/$G$28) -> 0 | AF29: =IF($G$28=0,0,AF27*1000/$G$28) -> 0 | AH29: =IF($G$28=0,0,AH27*1000/$G$28) -> 0 | AJ29: =IF($G$28=0,0,AJ27*1000/$G$28) -> 0
A31: รายงานการแกะครอบ | I31: รายละเอียดครอบเสีย | AI31: แผ่นดีนำไปกองเก็บจำนวนไม้ / แผ่น | AK31: หมายเหตุ
A32: กะที่ | B32: LOT NO. | C32: ลอน | D32: สี | E32: จำนวนที่นำมาแกะ | F32: แผ่นดี | G32: Reject | I32: แผ่นเสีย | J32: ร้าวผิว ตัวกระเบื้อง | K32: ร้าว รางลิ้นหงาย | L32: ร้าว ล่างรางลิ้นคว่ำ | M32: ร้าว ล่างตัวครอบ | N32: ร้าว ชายกระเบื้อง | O32: ร้าว เขื่อนรางลิ้นหงาย | P32: ร้าว เขื่อนรางลิ้นคว่ำ | Q32: บิ่นแหว่ง | R32: ผิวครอบปูดบวม | S32: ผิวครอบไม่เรียบ | T32: ขอบไม่คม / ไม่เรียบ | U32: รูพรุน | V32: แตกรูตะปู | W32: เนื้อแหว่งใต้ครอบ | X32: ปูนติดโมล | Y32: สี Salary ไม่เต็ม | Z32: สีเป็นเม็ด | AA32: สีพอง | AB32: สีด้าน | AC32: สีหยด | AD32: สีปูด | AE32: ครอบบาง/น้ำหนักเบา | AF32: ยกชน Rack | AG32: รถยกชน | AH32: อื่นๆ
B33: =B5 -> 0 | C33: ครอบสัน | D33: =D5 -> 0 | E33: =G5 -> 0 | G33: =IF(E33=0,"",(E33-F33)/E33) | I33: =SUM(J33:AH33) -> 0
B34: =B6 -> 0 | C34: ครอบปิดจั่ว | D34: =D6 -> 0 | E34: =G6 -> 0 | G34: =IF(E34=0,"",(E34-F34)/E34) | I34: =SUM(J34:AH34) -> 0
B35: =B7 -> 0 | C35: ครอบตะเข้ | D35: =D7 -> 0 | E35: 0 | G35: =IF(E35=0,"",(E35-F35)/E35) | I35: =SUM(J35:AH35) -> 0
A36: 1 | B36: =B8 -> 0 | C36: ครอบปิดปลายตะเข้ | D36: =D8 -> 0 | E36: =G8 -> 0 | G36: =IF(E36=0,"",(E36-F36)/E36) | I36: =SUM(J36:AH36) -> 0
B37: =B9 -> 0 | C37: ครอบข้างซิมเลท | D37: =D9 -> 0 | E37: =G9 -> 0 | G37: =IF(E37=0,"",(E37-F37)/E37) | I37: =SUM(J37:AH37) -> 0
B38: =B10 -> 0 | C38: ครอบข้างปิดปลายซิมเลท | D38: =D10 -> 0 | E38: =G10 -> 0 | G38: =IF(E38=0,"",(E38-F38)/E38) | I38: =SUM(J38:AH38) -> 0
B39: =B11 -> 0 | C39: ครอบหัวผนัง | D39: =D11 -> 0 | E39: =G11 -> 0 | G39: =IF(E39=0,"",(E39-F39)/E39) | I39: =SUM(J39:AH39) -> 0
B40: =B12 -> 0 | C40: ครอบข้างผนัง | D40: =D12 -> 0 | E40: =G12 -> 0 | G40: =IF(E40=0,"",(E40-F40)/E40) | I40: =SUM(J40:AH40) -> 0
B41: =B13 -> 0 | C41: ครอบปั้นลม | D41: =D13 -> 0 | E41: =G13 -> 0 | G41: =IF(E41=0,"",(E41-F41)/E41) | I41: =SUM(J41:AH41) -> 0
B42: =B14 -> 0 | C42: ครอบปิดปลายปั้นลม | D42: =D14 -> 0 | E42: =G14 -> 0 | G42: =IF(E42=0,"",(E42-F42)/E42) | I42: =SUM(J42:AH42) -> 0
A43: รวมกะที่ 1 | E43: =SUM(E33:E42) -> 0 | F43: =SUM(F33:F42) -> 0 | G43: =IF(E43=0,"",(E43-F43)/E43) | I43: =SUM(J43:AH43) -> 0 | J43: =SUM(J33:J42) -> 0 | K43: =SUM(K33:K42) -> 0 | L43: =SUM(L33:L42) -> 0 | M43: =SUM(M33:M42) -> 0 | N43: =SUM(N33:N42) -> 0 | O43: =SUM(O33:O42) -> 0 | P43: =SUM(P33:P42) -> 0 | Q43: =SUM(Q33:Q42) -> 0 | ... AH43: =SUM(AH33:AH42) -> 0
B44: =B16 -> 0 | C44: ครอบสัน | D44: =D16 -> 0 | E44: =G16 -> 0 | G44: =IF(E44=0,"",(E44-F44)/E44) | I44: =SUM(J44:AH44) -> 0
B45: =B17 -> 0 | C45: ครอบปิดจั่ว | D45: =D17 -> 0 | E45: =G17 -> 0 | G45: =IF(E45=0,"",(E45-F45)/E45) | I45: =SUM(J45:AH45) -> 0
A46: 2 | B46: =B18 -> 0 | C46: ครอบตะเข้ | D46: =D18 -> 0 | E46: =G18 -> 0 | G46: =IF(E46=0,"",(E46-F46)/E46) | I46: =SUM(J46:AH46) -> 0
B47: =B19 -> 0 | C47: ครอบปิดปลายตะเข้ | D47: =D19 -> 0 | E47: =G19 -> 0 | G47: =IF(E47=0,"",(E47-F47)/E47) | I47: =SUM(J47:AH47) -> 0
B48: =B20 -> 0 | C48: ครอบข้างซิมเลท | D48: =D20 -> 0 | E48: =G20 -> 0 | G48: =IF(E48=0,"",(E48-F48)/E48) | I48: =SUM(J48:AH48) -> 0
B49: =B21 -> 0 | C49: ครอบข้างปิดปลายซิมเลท | D49: =D21 -> 0 | E49: =G21 -> 0 | G49: =IF(E49=0,"",(E49-F49)/E49) | I49: =SUM(J49:AH49) -> 0
B50: =B22 -> 0 | C50: ครอบหัวผนัง | D50: =D22 -> 0 | E50: =G22 -> 0 | G50: =IF(E50=0,"",(E50-F50)/E50) | I50: =SUM(J50:AH50) -> 0
B51: =B23 -> 0 | C51: ครอบข้างผนัง | D51: =D23 -> 0 | E51: =G23 -> 0 | G51: =IF(E51=0,"",(E51-F51)/E51) | I51: =SUM(J51:AH51) -> 0
B52: =B24 -> 0 | C52: ครอบปั้นลม | D52: =D24 -> 0 | E52: =G24 -> 0 | G52: =IF(E52=0,"",(E52-F52)/E52) | I52: =SUM(J52:AH52) -> 0
B53: =B25 -> 0 | C53: ครอบปิดปลายปั้นลม | D53: =D25 -> 0 | E53: =G25 -> 0 | G53: =IF(E53=0,"",(E53-F53)/E53) | I53: =SUM(J53:AH53) -> 0
A54: รวมกะที่ 2 | E54: =SUM(E44:E53) -> 0 | F54: =SUM(F44:F53) -> 0 | G54: =IF(E54=0,"",(E54-F54)/E54) | I54: =SUM(J54:AH54) -> 0 | J54: =SUM(J44:J53) -> 0 | K54: =SUM(K44:K53) -> 0 | L54: =SUM(L44:L53) -> 0 | M54: =SUM(M44:M53) -> 0 | N54: =SUM(N44:N53) -> 0 | O54: =SUM(O44:O53) -> 0 | P54: =SUM(P44:P53) -> 0 | Q54: =SUM(Q44:Q53) -> 0 | ... AH54: =SUM(AH44:AH53) -> 0
A55: รวมทุกกะ | E55: =E43+E54 -> 0 | F55: =F43+F54 -> 0 | G55: =IF(E55=0,"",(E55-F55)/E55) | I55: =SUM(I43,I54) -> 0 | J55: =SUM(J43,J54) -> 0 | K55: =SUM(K43,K54) -> 0 | L55: =SUM(L43,L54) -> 0 | M55: =SUM(M43,M54) -> 0 | N55: =SUM(N43,N54) -> 0 | O55: =SUM(O43,O54) -> 0 | P55: =SUM(P43,P54) -> 0 | ... AH55: =SUM(AH43,AH54) -> 0
A57: ผู้ทำรายงาน | E57: หม.ผลิต | I57: หง.ผ | P57: หม.จัดบรรทุก | W57: พ.จ่ายสินค้า | AF57: ผร.
A59: สำเนาเรียน : หัวหน้างานวางแผนผลิต, พนักงานควบคุมคุณภาพ | AI59: GN-F-PD-212 (1 พฤศจิกายน 2551)

Sheet 10
A1: รายงานการผลิตครอบประจำวัน | F1: ครอบ Prestige โรงงานสระบุรี 2/3 | L1: สัปดาห์ที่ | M1: 00/69 | Q1: วันที่ผลิต | R1: 244571 | V1: MATERIAL DOCUMENT NO
E2: จำนวนที่ผลิต | I2: ปริมาณการใช้วัตถุดิบ | P2: เถ้าลอย | R2: ปูนซีเมนต์ | T2: ปูนซีเมนต์ | V2: ทราย | X2: ทราย | Z2: Water Base | AB2: MOULD | AD2: Adva | AF2: สีพื้น | AH2: สีเหลือบ | AJ2: สีเหลือบ
A3: กะที่ | B3: LOT NO. | C3: ลอน | D3: สี | E3: (แผ่น) | R3: ผสมตัว | T3: ผสมสี | V3: ผสมตัว | X3: ผสมสี | Z3: Spray | AB3: OIL | AH3: 1 | AJ3: 2
E4: Plan | F4: Counter | G4: ห้องบ่ม | H4: Wet Reject | P4: (ตัน) | R4: (ตัน) | T4: (ตัน) | V4: (ตัน) | X4: (ตัน) | Z4: (ลิตร) | AB4: (ลิตร) | AD4: (ลิตร) | AF4: (แผ่น/ถัง) | AH4: (แผ่น/ถัง) | AJ4: (แผ่น/ถัง)
B5: I11690820 | C5: ครอบสัน | D5: มิดไนท์บลู*N | E5: 2000 | F5: 1721 | G5: 1514 | H5: =IF(F5=0,"",(F5-G5)/F5) -> 0.12027891 | I5: ปริมาณการใช้กะ 1 | P5: 2.285 | R5: 8.718 | T5: 0.958 | V5: 21.636 | X5: 0.552 | Z5: =108+200+36 -> 344 | AB5: =39+29 -> 68 | AD5: =SUM(AF5:AK5)*0.025 -> 1.95 | AF5: =14+14+12+14+14+10 -> 78 | AH5: 0 | AJ5: 0
A6: 1 | C6: ครอบปิดจั่ว | H6: =IF(F6=0,"",(F6-G6)/F6) | I6: คำนวณจาก Counter (ต่อพันแผ่น) | P6: =IF($F$15=0,0,P5*1000/$F$15) -> 0.22349374 | R6: =IF($F$15=0,0,R5*1000/$F$15) -> 0.85269953 | T6: =IF($F$15=0,0,T5*1000/$F$15) -> 0.093701095 | V6: =IF($F$15=0,0,V5*1000/$F$15) -> 2.1161972 | X6: =IF($F$15=0,0,X5*1000/$F$15) -> 0.05399061 | Z6: =IF($F$15=0,0,Z5*1000/$F$15) -> 33.646322 | AB6: =IF($F$15=0,0,AB5*1000/$F$15) -> 6.6510172 | AD6: =IF($F$15=0,0,AD5*1000/$F$15) -> 0.1907277 | AF6: =IF(AF5=0,0,F15/AF5) -> 131.07692 | AH6: =IF(AH5=0,0,F15/AH5) -> 0 | AJ6: =IF(AJ5=0,0,F15/AJ5) -> 0
B7: I13690820 | C7: ครอบตะเข้ | D7: มิดไนท์บลู*N | E7: 6000 | F7: 5979 | G7: 4919 | H7: =IF(F7=0,"",(F7-G7)/F7) -> 0.17728717 | I7: คำนวณจาก ห้องบ่ม (ต่อพันแผ่น) | P7: =IF($G$15=0,0,P5*1000/$G$15) -> 0.25700146 | R7: =IF($G$15=0,0,R5*1000/$G$15) -> 0.98054212 | T7: =IF($G$15=0,0,T5*1000/$G$15) -> 0.10774941 | V7: =IF($G$15=0,0,V5*1000/$G$15) -> 2.4334721 | X7: =IF($G$15=0,0,X5*1000/$G$15) -> 0.062085255 | Z7: =IF($G$15=0,0,Z5*1000/$G$15) -> 38.690811 | AB7: =IF($G$15=0,0,AB5*1000/$G$15) -> 7.6481836 | AD7: =IF($G$15=0,0,AD5*1000/$G$15) -> 0.21932291 | AF7: =IF(AF5=0,0,G15/AF5) -> 113.98718 | AH7: =IF(AH5=0,0,G15/AH5) -> 0 | AJ7: =IF(AJ5=0,0,G15/AJ5) -> 0
C8: ครอบปิดปลายตะเข้ | H8: =IF(F8=0,"",(F8-G8)/F8) | I8: ใช้ปูน ( Batch) | P8: =30+18+14+33+5+13 -> 113
B9: I15690820 | C9: ครอบข้างซิมเลท | D9: มิดไนท์บลู*N | E9: 2000 | F9: 2524 | G9: 2458 | H9: =IF(F9=0,"",(F9-G9)/F9) -> 0.02614897 | I9: ทิ้งปูน (Batct)
C10: ครอบข้างปิดปลายซิมเลท | H10: =IF(F10=0,"",(F10-G10)/F10) | I10: ทิ้งสีพื้น (ถัง)
C11: ครอบหัวผนัง | H11: =IF(F11=0,"",(F11-G11)/F11) | I11: ทิ้งสีเหลือบ (ถัง)
C12: ครอบข้างผนัง | H12: =IF(F12=0,"",(F12-G12)/F12) | I12: ใช้ผ้า (ผืน) | P12: =3+3+2+3+4+5+5+1+6+6 -> 38
C13: ครอบปั้นลม | H13: =IF(F13=0,"",(F13-G13)/F13) | I13: ใช้ผ้า (แผ่น/ผืน) | P13: =F15/P12 -> 269.05263
C14: ครอบปิดปลายปั้นลม | H14: =IF(F14=0,"",(F14-G14)/F14) | I14: ใช้ตะแกรง (แผ่น) | P14: 6
A15: รวมกะที่ 1 | E15: =SUM(E5:E14) -> 10000 | F15: =SUM(F5:F14) -> 10224 | G15: =SUM(G5:G14) -> 8891 | H15: =IF(F15=0,"",(F15-G15)/F15) -> 0.1303795 | I15: ใช้ตะแกรง (แผ่น/ผืน) | P15: =F15/P14 -> 1704
C16: ครอบสัน | H16: =IF(F16=0,"",(F16-G16)/F16) | I16: ปริมาณการใช้กะ 2 | P16: 0 | R16: 0 | T16: 0 | V16: 0 | X16: 0 | Z16: 0 | AB16: 0 | AD16: =SUM(AF16:AK16)*0.025 -> 0 | AF16: 0 | AH16: 0 | AJ16: 0
A17: 2 | B17: I12690822 | C17: ครอบปิดจั่ว | D17: โกลเด้นบราวน์*N | E17: 0 | F17: 10 | G17: 10 | H17: =IF(F17=0,"",(F17-G17)/F17) -> 0 | I17: คำนวณจาก Counter (ต่อพันแผ่น) | P17: =IF($F$26=0,0,P16*1000/$F$26) -> 0 | R17: =IF($F$26=0,0,R16*1000/$F$26) -> 0 | T17: =IF($F$26=0,0,T16*1000/$F$26) -> 0 | V17: =IF($F$26=0,0,V16*1000/$F$26) -> 0 | X17: =IF($F$26=0,0,X16*1000/$F$26) -> 0 | Z17: =IF($F$26=0,0,Z16*1000/$F$26) -> 0 | AB17: =IF($F$26=0,0,AB16*1000/$F$26) -> 0 | AD17: =IF($F$26=0,0,AD16*1000/$F$26) -> 0 | AF17: =IF($F$26=0,0,AF16*1000/$F$26) -> 0 | AH17: =IF($F$26=0,0,AH16*1000/$F$26) -> 0 | AJ17: =IF($F$26=0,0,AJ16*1000/$F$26) -> 0
C18: ครอบตะเข้ | H18: =IF(F18=0,"",(F18-G18)/F18) | I18: คำนวณจาก ห้องบ่ม (ต่อพันแผ่น) | P18: =IF($G$26=0,0,P16*1000/$G$26) -> 0 | R18: =IF($G$26=0,0,R16*1000/$G$26) -> 0 | T18: =IF($G$26=0,0,T16*1000/$G$26) -> 0 | V18: =IF($G$26=0,0,V16*1000/$G$26) -> 0 | X18: =IF($G$26=0,0,X16*1000/$G$26) -> 0 | Z18: =IF($G$26=0,0,Z16*1000/$G$26) -> 0 | AB18: =IF($G$26=0,0,AB16*1000/$G$26) -> 0 | AD18: =IF($G$26=0,0,AD16*1000/$G$26) -> 0 | AF18: =IF($G$26=0,0,AF16*1000/$G$26) -> 0 | AH18: =IF($G$26=0,0,AH16*1000/$G$26) -> 0 | AJ18: =IF($G$26=0,0,AJ16*1000/$G$26) -> 0
C19: ครอบปิดปลายตะเข้ | H19: =IF(F19=0,"",(F19-G19)/F19) | I19: ใช้ปูน ( Batch)
C20: ครอบข้างซิมเลท | H20: =IF(F20=0,"",(F20-G20)/F20) | I20: ทิ้งปูน (Batct)
C21: ครอบข้างปิดปลายซิมเลท | H21: =IF(F21=0,"",(F21-G21)/F21) | I21: ทิ้งสีพื้น (ถัง)
C22: ครอบหัวผนัง | H22: =IF(F22=0,"",(F22-G22)/F22) | I22: ทิ้งสีเหลือบ (ถัง)
C23: ครอบข้างผนัง | H23: =IF(F23=0,"",(F23-G23)/F23) | I23: ใช้ผ้า (ผืน)
C24: ครอบปั้นลม | H24: =IF(F24=0,"",(F24-G24)/F24) | I24: ใช้ผ้า (แผ่น/ผืน) | P24: =F26/P23 -> #DIV/0!
C25: ครอบปิดปลายปั้นลม | H25: =IF(F25=0,"",(F25-G25)/F25) | I25: ใช้ตะแกรง (แผ่น)
A26: รวมกะที่ 2 | E26: =SUM(E16:E25) -> 0 | F26: =SUM(F16:F25) -> 10 | G26: =SUM(G16:G25) -> 10 | H26: =IF(F26=0,"",(F26-G26)/F26) -> 0 | I26: ใช้ตะแกรง (แผ่น/ผืน) | P26: =F26/P25 -> #DIV/0!
I27: ปริมาณการใช้รวม | P27: =SUM(P5,P16) -> 2.285 | R27: =SUM(R5,R16) -> 8.718 | T27: =SUM(T5,T16) -> 0.958 | V27: =SUM(V5,V16) -> 21.636 | X27: =SUM(X5,X16) -> 0.552 | Z27: =SUM(Z5,Z16) -> 344 | AB27: =SUM(AB5,AB16) -> 68 | AD27: =SUM(AD5,AD16) -> 1.95 | AF27: =SUM(AF5,AF16) -> 78 | AH27: =SUM(AH5,AH16) -> 0 | AJ27: =SUM(AJ5,AJ16) -> 0
A28: รวมทุกกะ | E28: =E15+E26 -> 10000 | F28: =F15+F26 -> 10234 | G28: =G15+G26 -> 8901 | H28: =IF(F28=0,"",(F28-G28)/F28) -> 0.1302521 | I28: คำนวณจาก Counter (ต่อพันแผ่น) | P28: =IF($F$28=0,0,P27*1000/$F$28) -> 0.22327536 | R28: =IF($F$28=0,0,R27*1000/$F$28) -> 0.85186633 | T28: =IF($F$28=0,0,T27*1000/$F$28) -> 0.093609537 | V28: =IF($F$28=0,0,V27*1000/$F$28) -> 2.1141294 | X28: =IF($F$28=0,0,X27*1000/$F$28) -> 0.053937854 | Z28: =IF($F$28=0,0,Z27*1000/$F$28) -> 33.613445 | AB28: =IF($F$28=0,0,AB27*1000/$F$28) -> 6.6445183 | AD28: =IF($F$28=0,0,AD27*1000/$F$28) -> 0.19054133 | AF28: =IF($F$28=0,0,AF27*1000/$F$28) -> 7.6216533 | AH28: =IF($F$28=0,0,AH27*1000/$F$28) -> 0 | AJ28: =IF($F$28=0,0,AJ27*1000/$F$28) -> 0
I29: คำนวณจาก ห้องบ่ม (ต่อพันแผ่น) | P29: =IF($G$28=0,0,P27*1000/$G$28) -> 0.25671273 | R29: =IF($G$28=0,0,R27*1000/$G$28) -> 0.97944051 | T29: =IF($G$28=0,0,T27*1000/$G$28) -> 0.10762836 | V29: =IF($G$28=0,0,V27*1000/$G$28) -> 2.4307381 | X29: =IF($G$28=0,0,X27*1000/$G$28) -> 0.062015504 | Z29: =IF($G$28=0,0,Z27*1000/$G$28) -> 38.647343 | AB29: =IF($G$28=0,0,AB27*1000/$G$28) -> 7.6395911 | AD29: =IF($G$28=0,0,AD27*1000/$G$28) -> 0.21907651 | AF29: =IF($G$28=0,0,AF27*1000/$G$28) -> 8.7630603 | AH29: =IF($G$28=0,0,AH27*1000/$G$28) -> 0 | AJ29: =IF($G$28=0,0,AJ27*1000/$G$28) -> 0
A31: รายงานการแกะครอบ | I31: รายละเอียดครอบเสีย | AI31: แผ่นดีนำไปกองเก็บจำนวนไม้ / แผ่น | AK31: หมายเหตุ
A32: กะที่ | B32: LOT NO. | C32: ลอน | D32: สี | E32: จำนวนที่นำมาแกะ | F32: แผ่นดี | G32: Reject | I32: แผ่นเสีย | J32: ร้าวผิว ตัวกระเบื้อง | K32: ร้าว รางลิ้นหงาย | L32: ร้าว ล่างรางลิ้นคว่ำ | M32: ร้าว ล่างตัวครอบ | N32: ร้าว ชายกระเบื้อง | O32: ร้าว เขื่อนรางลิ้นหงาย | P32: ร้าว เขื่อนรางลิ้นคว่ำ | Q32: บิ่นแหว่ง | R32: ผิวครอบปูดบวม | S32: ผิวครอบไม่เรียบ | T32: ขอบไม่คม / ไม่เรียบ | U32: รูพรุน | V32: แตกรูตะปู | W32: เนื้อแหว่งใต้ครอบ | X32: ปูนติดโมล | Y32: สี Salary ไม่เต็ม | Z32: สีเป็นเม็ด | AA32: สีพอง | AB32: สีด้าน | AC32: สีหยด | AD32: สีปูด | AE32: ครอบบาง/น้ำหนักเบา | AF32: ยกชน Rack | AG32: รถยกชน | AH32: อื่นๆ
B33: =B5 -> I11690820 | C33: ครอบสัน | D33: =D5 -> มิดไนท์บลู*N | E33: =G5 -> 1514 | F33: =144*9+23+6 -> 1325 | G33: =IF(E33=0,"",(E33-F33)/E33) -> 0.12483487 | I33: =SUM(J33:AH33) -> 189 | K33: =15 -> 15 | L33: 52 | M33: =5+15 -> 20 | R33: =2+8 -> 10 | V33: 19 | W33: 9 | X33: =35 -> 35 | AB33: =4 -> 4 | AF33: =20+2+3 -> 25 | AI33: 144*9+ศ.23+QC6 | AK33: จบ Lot. ส่งวันที่ 13/8/69
B34: =B6 -> 0 | C34: ครอบปิดจั่ว | D34: =D6 -> 0 | E34: =G6 -> 0 | G34: =IF(E34=0,"",(E34-F34)/E34) | I34: =SUM(J34:AH34) -> 0
B35: =B7 -> I13690820 | C35: ครอบตะเข้ | D35: =D7 -> มิดไนท์บลู*N | E35: =F35+389+9 -> 4919 | F35: =210*21+6+105 -> 4521 | G35: =IF(E35=0,"",(E35-F35)/E35) -> 0.080910754 | I35: =SUM(J35:AH35) -> 398 | K35: =4+13+3+12+5 -> 37 | L35: =15+4+8+5 -> 32 | M35: 7 | Q35: 2 | R35: =3+7 -> 10 | W35: =30+30+1 -> 61 | AB35: =10+7+11 -> 28 | AC35: =25+30+25+30+25+20+20+20 -> 195 | AF35: =20+2+3+1 -> 26 | AI35: ส่งครั้งที่ 1 (210*21+QC6)/ส่งครั้งที่ 2 (ศ.105) | AK35: จบ Lot. ส่งวันที่ 14/8/69
A36: 1 | B36: =B8 -> 0 | C36: ครอบปิดปลายตะเข้ | D36: =D8 -> 0 | E36: =G8 -> 0 | G36: =IF(E36=0,"",(E36-F36)/E36) | I36: =SUM(J36:AH36) -> 0
B37: =B9 -> I15690820 | C37: ครอบข้างซิมเลท | D37: =D9 -> มิดไนท์บลู*N | E37: =G9 -> 2458 | F37: =280*7+252+6 -> 2218 | G37: =IF(E37=0,"",(E37-F37)/E37) -> 0.097640358 | I37: =SUM(J37:AH37) -> 240 | J37: =20 -> 20 | K37: =35+30+20+20 -> 105 | L37: 20 | Q37: =2 -> 2 | R37: =12+20 -> 32 | W37: =2+3 -> 5 | AB37: =5+20 -> 25 | AC37: =11+10 -> 21 | AH37: 10 | AI37: 280*7+ศ.252+QC6 | AK37: จบ Lot. ส่งวันที่ 13/8/69
B38: =B10 -> 0 | C38: ครอบข้างปิดปลายซิมเลท | D38: =D10 -> 0 | E38: =G10 -> 0 | G38: =IF(E38=0,"",(E38-F38)/E38) | I38: =SUM(J38:AH38) -> 0
B39: =B11 -> 0 | C39: ครอบหัวผนัง | D39: =D11 -> 0 | E39: =G11 -> 0 | G39: =IF(E39=0,"",(E39-F39)/E39) | I39: =SUM(J39:AH39) -> 0
B40: =B12 -> 0 | C40: ครอบข้างผนัง | D40: =D12 -> 0 | E40: =G12 -> 0 | G40: =IF(E40=0,"",(E40-F40)/E40) | I40: =SUM(J40:AH40) -> 0
B41: =B13 -> 0 | C41: ครอบปั้นลม | D41: =D13 -> 0 | E41: =G13 -> 0 | G41: =IF(E41=0,"",(E41-F41)/E41) | I41: =SUM(J41:AH41) -> 0
B42: =B14 -> 0 | C42: ครอบปิดปลายปั้นลม | D42: =D14 -> 0 | E42: =G14 -> 0 | G42: =IF(E42=0,"",(E42-F42)/E42) | I42: =SUM(J42:AH42) -> 0
A43: รวมกะที่ 1 | E43: =SUM(E33:E42) -> 8891 | F43: =SUM(F33:F42) -> 8064 | G43: =IF(E43=0,"",(E43-F43)/E43) -> 0.093015409 | I43: =SUM(J43:AH43) -> 827 | J43: =SUM(J33:J42) -> 20 | K43: =SUM(K33:K42) -> 157 | L43: =SUM(L33:L42) -> 104 | M43: =SUM(M33:M42) -> 27 | N43: =SUM(N33:N42) -> 0 | O43: =SUM(O33:O42) -> 0 | P43: =SUM(P33:P42) -> 0 | Q43: =SUM(Q33:Q42) -> 4 | ... AH43: =SUM(AH33:AH42) -> 10
B44: =B16 -> 0 | C44: ครอบสัน | D44: =D16 -> 0 | E44: =G16 -> 0 | G44: =IF(E44=0,"",(E44-F44)/E44) | I44: =SUM(J44:AH44) -> 0
B45: =B17 -> I12690822 | C45: ครอบปิดจั่ว | D45: =D17 -> โกลเด้นบราวน์*N | E45: =G17 -> 10 | F45: =10 -> 10 | G45: =IF(E45=0,"",(E45-F45)/E45) -> 0 | I45: =SUM(J45:AH45) -> 0 | AI45: ศ.10 | AK45: จบ Lot. ส่งวันที่ 11/8/69
A46: 2 | B46: =B18 -> 0 | C46: ครอบตะเข้ | D46: =D18 -> 0 | E46: =G18 -> 0 | G46: =IF(E46=0,"",(E46-F46)/E46) | I46: =SUM(J46:AH46) -> 0
B47: =B19 -> 0 | C47: ครอบปิดปลายตะเข้ | D47: =D19 -> 0 | E47: =G19 -> 0 | G47: =IF(E47=0,"",(E47-F47)/E47) | I47: =SUM(J47:AH47) -> 0
B48: =B20 -> 0 | C48: ครอบข้างซิมเลท | D48: =D20 -> 0 | E48: =G20 -> 0 | G48: =IF(E48=0,"",(E48-F48)/E48) | I48: =SUM(J48:AH48) -> 0
B49: =B21 -> 0 | C49: ครอบข้างปิดปลายซิมเลท | D49: =D21 -> 0 | E49: =G21 -> 0 | G49: =IF(E49=0,"",(E49-F49)/E49) | I49: =SUM(J49:AH49) -> 0
B50: =B22 -> 0 | C50: ครอบหัวผนัง | D50: =D22 -> 0 | E50: =G22 -> 0 | G50: =IF(E50=0,"",(E50-F50)/E50) | I50: =SUM(J50:AH50) -> 0
B51: =B23 -> 0 | C51: ครอบข้างผนัง | D51: =D23 -> 0 | E51: =G23 -> 0 | G51: =IF(E51=0,"",(E51-F51)/E51) | I51: =SUM(J51:AH51) -> 0
B52: =B24 -> 0 | C52: ครอบปั้นลม | D52: =D24 -> 0 | E52: =G24 -> 0 | G52: =IF(E52=0,"",(E52-F52)/E52) | I52: =SUM(J52:AH52) -> 0
B53: =B25 -> 0 | C53: ครอบปิดปลายปั้นลม | D53: =D25 -> 0 | E53: =G25 -> 0 | G53: =IF(E53=0,"",(E53-F53)/E53) | I53: =SUM(J53:AH53) -> 0
A54: รวมกะที่ 2 | E54: =SUM(E44:E53) -> 10 | F54: =SUM(F44:F53) -> 10 | G54: =IF(E54=0,"",(E54-F54)/E54) -> 0 | I54: =SUM(J54:AH54) -> 0 | J54: =SUM(J44:J53) -> 0 | K54: =SUM(K44:K53) -> 0 | L54: =SUM(L44:L53) -> 0 | M54: =SUM(M44:M53) -> 0 | N54: =SUM(N44:N53) -> 0 | O54: =SUM(O44:O53) -> 0 | P54: =SUM(P44:P53) -> 0 | Q54: =SUM(Q44:Q53) -> 0 | ... AH54: =SUM(AH44:AH53) -> 0
A55: รวมทุกกะ | E55: =E43+E54 -> 8901 | F55: =F43+F54 -> 8074 | G55: =IF(E55=0,"",(E55-F55)/E55) -> 0.092910909 | I55: =SUM(I43,I54) -> 827 | J55: =SUM(J43,J54) -> 20 | K55: =SUM(K43,K54) -> 157 | L55: =SUM(L43,L54) -> 104 | M55: =SUM(M43,M54) -> 27 | N55: =SUM(N43,N54) -> 0 | O55: =SUM(O43,O54) -> 0 | P55: =SUM(P43,P54) -> 0 | ... AH55: =SUM(AH43,AH54) -> 10
A57: ผู้ทำรายงาน | E57: หม.ผลิต | I57: หง.ผ | P57: หม.จัดบรรทุก | W57: พ.จ่ายสินค้า | AF57: ผร.
A59: สำเนาเรียน : หัวหน้างานวางแผนผลิต, พนักงานควบคุมคุณภาพ | AI59: GN-F-PD-212 (1 พฤศจิกายน 2551)

Sheet 11
A1: รายงานการผลิตครอบประจำวัน | F1: ครอบ Prestige โรงงานสระบุรี 2/3 | L1: สัปดาห์ที่ | M1: 00/69 | Q1: วันที่ผลิต | R1: 244572 | V1: MATERIAL DOCUMENT NO
E2: จำนวนที่ผลิต | I2: ปริมาณการใช้วัตถุดิบ | P2: เถ้าลอย | R2: ปูนซีเมนต์ | T2: ปูนซีเมนต์ | V2: ทราย | X2: ทราย | Z2: Water Base | AB2: MOULD | AD2: Adva | AF2: สีพื้น | AH2: สีเหลือบ | AJ2: สีเหลือบ
A3: กะที่ | B3: LOT NO. | C3: ลอน | D3: สี | E3: (แผ่น) | R3: ผสมตัว | T3: ผสมสี | V3: ผสมตัว | X3: ผสมสี | Z3: Spray | AB3: OIL | AH3: 1 | AJ3: 2
E4: Plan | F4: Counter | G4: ห้องบ่ม | H4: Wet Reject | P4: (ตัน) | R4: (ตัน) | T4: (ตัน) | V4: (ตัน) | X4: (ตัน) | Z4: (ลิตร) | AB4: (ลิตร) | AD4: (ลิตร) | AF4: (แผ่น/ถัง) | AH4: (แผ่น/ถัง) | AJ4: (แผ่น/ถัง)
B5: I11690823 | C5: ครอบสัน | D5: มิดไนท์เกรย์*N | E5: 3000 | F5: =1395+742+550 -> 2687 | G5: =998+1053 -> 2051 | H5: =IF(F5=0,"",(F5-G5)/F5) -> 0.2366952 | I5: ปริมาณการใช้กะ 1 | P5: 2.645 | R5: 8.647 | T5: 0.964 | V5: 22.315 | X5: 0.555 | Z5: =200+14+98 -> 312 | AB5: =61-5 -> 56 | AD5: =SUM(AF5:AK5)*0.025 -> 1.95 | AF5: =14+14+3+5+14+14+14 -> 78 | AH5: 0 | AJ5: 0
A6: 1 | B6: I12690823 | C6: ครอบปิดจั่ว | D6: มิดไนท์เกรย์*N | E6: 150 | F6: 145 | G6: 145 | H6: =IF(F6=0,"",(F6-G6)/F6) -> 0 | I6: คำนวณจาก Counter (ต่อพันแผ่น) | P6: =IF($F$15=0,0,P5*1000/$F$15) -> 0.24731183 | R6: =IF($F$15=0,0,R5*1000/$F$15) -> 0.80850865 | T6: =IF($F$15=0,0,T5*1000/$F$15) -> 0.090135577 | V6: =IF($F$15=0,0,V5*1000/$F$15) -> 2.086489 | X6: =IF($F$15=0,0,X5*1000/$F$15) -> 0.051893408 | Z6: =IF($F$15=0,0,Z5*1000/$F$15) -> 29.172511 | AB6: =IF($F$15=0,0,AB5*1000/$F$15) -> 5.2360916 | AD6: =IF($F$15=0,0,AD5*1000/$F$15) -> 0.18232819 | AF6: =IF(AF5=0,0,F15/AF5) -> 137.11538 | AH6: =IF(AH5=0,0,F15/AH5) -> 0 | AJ6: =IF(AJ5=0,0,F15/AJ5) -> 0
B7: I13690823 | C7: ครอบตะเข้ | D7: มิดไนท์เกรย์*N | E7: 6000 | F7: =2765+785+749+707+692 -> 5698 | G7: =2478+2822 -> 5300 | H7: =IF(F7=0,"",(F7-G7)/F7) -> 0.06984907 | I7: คำนวณจาก ห้องบ่ม (ต่อพันแผ่น) | P7: =IF($G$15=0,0,P5*1000/$G$15) -> 0.2760096 | R7: =IF($G$15=0,0,R5*1000/$G$15) -> 0.90232704 | T7: =IF($G$15=0,0,T5*1000/$G$15) -> 0.1005948 | V7: =IF($G$15=0,0,V5*1000/$G$15) -> 2.3286027 | X7: =IF($G$15=0,0,X5*1000/$G$15) -> 0.057915058 | Z7: =IF($G$15=0,0,Z5*1000/$G$15) -> 32.557654 | AB7: =IF($G$15=0,0,AB5*1000/$G$15) -> 5.8436815 | AD7: =IF($G$15=0,0,AD5*1000/$G$15) -> 0.20348534 | AF7: =IF(AF5=0,0,G15/AF5) -> 122.85897 | AH7: =IF(AH5=0,0,G15/AH5) -> 0 | AJ7: =IF(AJ5=0,0,G15/AJ5) -> 0
C8: ครอบปิดปลายตะเข้ | H8: =IF(F8=0,"",(F8-G8)/F8) | I8: ใช้ปูน ( Batch) | P8: =67+58 -> 125
B9: I15690823 | C9: ครอบข้างซิมเลท | D9: มิดไนท์เกรย์*N | E9: 1000 | F9: =1219+946 -> 2165 | G9: =1164+923 -> 2087 | H9: =IF(F9=0,"",(F9-G9)/F9) -> 0.036027714 | I9: ทิ้งปูน (Batct)
C10: ครอบข้างปิดปลายซิมเลท | H10: =IF(F10=0,"",(F10-G10)/F10) | I10: ทิ้งสีพื้น (ถัง)
C11: ครอบหัวผนัง | H11: =IF(F11=0,"",(F11-G11)/F11) | I11: ทิ้งสีเหลือบ (ถัง)
C12: ครอบข้างผนัง | H12: =IF(F12=0,"",(F12-G12)/F12) | I12: ใช้ผ้า (ผืน) | P12: =4+4+2+2+2+3+4+4+4+3+3+4+4 -> 43
C13: ครอบปั้นลม | H13: =IF(F13=0,"",(F13-G13)/F13) | I13: ใช้ผ้า (แผ่น/ผืน) | P13: =F15/P12 -> 248.72093
C14: ครอบปิดปลายปั้นลม | H14: =IF(F14=0,"",(F14-G14)/F14) | I14: ใช้ตะแกรง (แผ่น) | P14: 7
A15: รวมกะที่ 1 | E15: =SUM(E5:E14) -> 10150 | F15: =SUM(F5:F14) -> 10695 | G15: =SUM(G5:G14) -> 9583 | H15: =IF(F15=0,"",(F15-G15)/F15) -> 0.10397382 | I15: ใช้ตะแกรง (แผ่น/ผืน) | P15: =F15/P14 -> 1527.8571
B16: I11690824 | C16: ครอบสัน | D16: น้ำตาลมั่งมี*N | E16: 200 | F16: 246 | G16: 223 | H16: =IF(F16=0,"",(F16-G16)/F16) -> 0.093495935 | I16: ปริมาณการใช้กะ 2 | P16: 0.281 | R16: 1.145 | T16: 0.096 | V16: 2.761 | X16: 0.055 | Z16: 50 | AB16: 5 | AD16: =SUM(AF16:AK16)*0.025 -> 0.2 | AF16: 8 | AH16: 0 | AJ16: 0
A17: 2 | C17: ครอบปิดจั่ว | H17: =IF(F17=0,"",(F17-G17)/F17) | I17: คำนวณจาก Counter (ต่อพันแผ่น) | P17: =IF($F$26=0,0,P16*1000/$F$26) -> 0.23693086 | R17: =IF($F$26=0,0,R16*1000/$F$26) -> 0.96543002 | T17: =IF($F$26=0,0,T16*1000/$F$26) -> 0.080944351 | V17: =IF($F$26=0,0,V16*1000/$F$26) -> 2.3279933 | X17: =IF($F$26=0,0,X16*1000/$F$26) -> 0.046374368 | Z17: =IF($F$26=0,0,Z16*1000/$F$26) -> 42.158516 | AB17: =IF($F$26=0,0,AB16*1000/$F$26) -> 4.2158516 | AD17: =IF($F$26=0,0,AD16*1000/$F$26) -> 0.16863406 | AF17: =IF(AF16=0,0,F26/AF16) -> 148.25 | AH17: =IF($F$26=0,0,AH16*1000/$F$26) -> 0 | AJ17: =IF($F$26=0,0,AJ16*1000/$F$26) -> 0
B18: I13690824 | C18: ครอบตะเข้ | D18: น้ำตาลมั่งมี*N | E18: 500 | F18: 544 | G18: 528 | H18: =IF(F18=0,"",(F18-G18)/F18) -> 0.029411765 | I18: คำนวณจาก ห้องบ่ม (ต่อพันแผ่น) | P18: =IF($G$26=0,0,P16*1000/$G$26) -> 0.24605954 | R18: =IF($G$26=0,0,R16*1000/$G$26) -> 1.002627 | T18: =IF($G$26=0,0,T16*1000/$G$26) -> 0.084063047 | V18: =IF($G$26=0,0,V16*1000/$G$26) -> 2.4176883 | X18: =IF($G$26=0,0,X16*1000/$G$26) -> 0.048161121 | Z18: =IF($G$26=0,0,Z16*1000/$G$26) -> 43.782837 | AB18: =IF($G$26=0,0,AB16*1000/$G$26) -> 4.3782837 | AD18: =IF($G$26=0,0,AD16*1000/$G$26) -> 0.17513135 | AF18: =IF(AF16=0,0,G26/AF16) -> 142.75 | AH18: =IF($G$26=0,0,AH16*1000/$G$26) -> 0 | AJ18: =IF($G$26=0,0,AJ16*1000/$G$26) -> 0
C19: ครอบปิดปลายตะเข้ | H19: =IF(F19=0,"",(F19-G19)/F19) | I19: ใช้ปูน ( Batch) | P19: =4+5+7 -> 16
B20: I15690824 | C20: ครอบข้างซิมเลท | D20: น้ำตาลมั่งมี*N | E20: 200 | F20: 396 | G20: 391 | H20: =IF(F20=0,"",(F20-G20)/F20) -> 0.012626263 | I20: ทิ้งปูน (Batct)
C21: ครอบข้างปิดปลายซิมเลท | H21: =IF(F21=0,"",(F21-G21)/F21) | I21: ทิ้งสีพื้น (ถัง)
C22: ครอบหัวผนัง | H22: =IF(F22=0,"",(F22-G22)/F22) | I22: ทิ้งสีเหลือบ (ถัง)
C23: ครอบข้างผนัง | H23: =IF(F23=0,"",(F23-G23)/F23) | I23: ใช้ผ้า (ผืน) | P23: 5
C24: ครอบปั้นลม | H24: =IF(F24=0,"",(F24-G24)/F24) | I24: ใช้ผ้า (แผ่น/ผืน) | P24: =F26/P23 -> 237.2
C25: ครอบปิดปลายปั้นลม | H25: =IF(F25=0,"",(F25-G25)/F25) | I25: ใช้ตะแกรง (แผ่น) | P25: 7
A26: รวมกะที่ 2 | E26: =SUM(E16:E25) -> 900 | F26: =SUM(F16:F25) -> 1186 | G26: =SUM(G16:G25) -> 1142 | H26: =IF(F26=0,"",(F26-G26)/F26) -> 0.037099494 | I26: ใช้ตะแกรง (แผ่น/ผืน) | P26: =F26/P25 -> 169.42857
I27: ปริมาณการใช้รวม | P27: =SUM(P5,P16) -> 2.926 | R27: =SUM(R5,R16) -> 9.792 | T27: =SUM(T5,T16) -> 1.06 | V27: =SUM(V5,V16) -> 25.076 | X27: =SUM(X5,X16) -> 0.61 | Z27: =SUM(Z5,Z16) -> 362 | AB27: =SUM(AB5,AB16) -> 61 | AD27: =SUM(AD5,AD16) -> 2.15 | AF27: =SUM(AF5,AF16) -> 86 | AH27: =SUM(AH5,AH16) -> 0 | AJ27: =SUM(AJ5,AJ16) -> 0
A28: รวมทุกกะ | E28: =E15+E26 -> 11050 | F28: =F15+F26 -> 11881 | G28: =G15+G26 -> 10725 | H28: =IF(F28=0,"",(F28-G28)/F28) -> 0.097298207 | I28: คำนวณจาก Counter (ต่อพันแผ่น) | P28: =IF($F$28=0,0,P27*1000/$F$28) -> 0.24627557 | R28: =IF($F$28=0,0,R27*1000/$F$28) -> 0.82417305 | T28: =IF($F$28=0,0,T27*1000/$F$28) -> 0.089218079 | V28: =IF($F$28=0,0,V27*1000/$F$28) -> 2.1105968 | X28: =IF($F$28=0,0,X27*1000/$F$28) -> 0.05134248 | Z28: =IF($F$28=0,0,Z27*1000/$F$28) -> 30.468816 | AB28: =IF($F$28=0,0,AB27*1000/$F$28) -> 5.134248 | AD28: =IF($F$28=0,0,AD27*1000/$F$28) -> 0.1809612 | AF28: =IF(AF27=0,0,F28/AF27) -> 138.15116 | AH28: =IF($F$28=0,0,AH27*1000/$F$28) -> 0 | AJ28: =IF($F$28=0,0,AJ27*1000/$F$28) -> 0
I29: คำนวณจาก ห้องบ่ม (ต่อพันแผ่น) | P29: =IF($G$28=0,0,P27*1000/$G$28) -> 0.27282051 | R29: =IF($G$28=0,0,R27*1000/$G$28) -> 0.91300699 | T29: =IF($G$28=0,0,T27*1000/$G$28) -> 0.098834499 | V29: =IF($G$28=0,0,V27*1000/$G$28) -> 2.3380886 | X29: =IF($G$28=0,0,X27*1000/$G$28) -> 0.056876457 | Z29: =IF($G$28=0,0,Z27*1000/$G$28) -> 33.752914 | AB29: =IF($G$28=0,0,AB27*1000/$G$28) -> 5.6876457 | AD29: =IF($G$28=0,0,AD27*1000/$G$28) -> 0.2004662 | AF29: =IF(AF27=0,0,G28/AF27) -> 124.7093 | AH29: =IF($G$28=0,0,AH27*1000/$G$28) -> 0 | AJ29: =IF($G$28=0,0,AJ27*1000/$G$28) -> 0
A31: รายงานการแกะครอบ | I31: รายละเอียดครอบเสีย | AI31: แผ่นดีนำไปกองเก็บจำนวนไม้ / แผ่น | AK31: หมายเหตุ
A32: กะที่ | B32: LOT NO. | C32: ลอน | D32: สี | E32: จำนวนที่นำมาแกะ | F32: แผ่นดี | G32: Reject | I32: แผ่นเสีย | J32: ร้าวผิว ตัวกระเบื้อง | K32: ร้าว รางลิ้นหงาย | L32: ร้าว ล่างรางลิ้นคว่ำ | M32: ร้าว ล่างตัวครอบ | N32: ร้าว ชายกระเบื้อง | O32: ร้าว เขื่อนรางลิ้นหงาย | P32: ร้าว เขื่อนรางลิ้นคว่ำ | Q32: บิ่นแหว่ง | R32: ผิวครอบปูดบวม | S32: ผิวครอบไม่เรียบ | T32: ขอบไม่คม / ไม่เรียบ | U32: รูพรุน | V32: แตกรูตะปู | W32: เนื้อแหว่งใต้ครอบ | X32: ปูนติดโมล | Y32: สี Salary ไม่เต็ม | Z32: สีเป็นเม็ด | AA32: สีพอง | AB32: สีด้าน | AC32: สีหยด | AD32: สีปูด | AE32: ครอบบาง/น้ำหนักเบา | AF32: ยกชน Rack | AG32: รถยกชน | AH32: อื่นๆ
B33: =B5 -> I11690823 | C33: ครอบสัน | D33: =D5 -> มิดไนท์เกรย์*N | E33: =G5 -> 2051 | F33: =144*12+117+6 -> 1851 | G33: =IF(E33=0,"",(E33-F33)/E33) -> 0.097513408 | I33: =SUM(J33:AH33) -> 200 | K33: =25+20 -> 45 | L33: 107 | AB33: =6+7 -> 13 | AC33: =10+11 -> 21 | AE33: 2 | AF33: 12 | AI33: 144*12+ศ.117+QC6 | AK33: จบ Lot. ส่งวันที่ 14/8/69
B34: =B6 -> I12690823 | C34: ครอบปิดจั่ว | D34: =D6 -> มิดไนท์เกรย์*N | E34: =G6 -> 145 | F34: =40*3+25 -> 145 | G34: =IF(E34=0,"",(E34-F34)/E34) -> 0 | I34: =SUM(J34:AH34) -> 0 | AI34: 40*3+ศ.25 | AK34: จบ Lot. ส่งวันที่ 13/8/69
B35: =B7 -> I13690823 | C35: ครอบตะเข้ | D35: =D7 -> มิดไนท์เกรย์*N | E35: =G7 -> 5300 | F35: =210*23+117+6 -> 4953 | G35: =IF(E35=0,"",(E35-F35)/E35) -> 0.065471698 | I35: =SUM(J35:AH35) -> 347 | K35: 2 | L35: =10+25+15+25+20+20+25+25 -> 165 | W35: 157 | AC35: =2+2+3+10 -> 17 | AE35: =2+1 -> 3 | AF35: 3 | AI35: 210*23+ศ.117+QC6 | AK35: จบ Lot. ส่งวันที่ 13/8/69
A36: 1 | B36: =B8 -> 0 | C36: ครอบปิดปลายตะเข้ | D36: =D8 -> 0 | E36: =G8 -> 0 | G36: =IF(E36=0,"",(E36-F36)/E36) | I36: =SUM(J36:AH36) -> 0
B37: =B9 -> I15690823 | C37: ครอบข้างซิมเลท | D37: =D9 -> มิดไนท์เกรย์*N | E37: =G9 -> 2087 | F37: =280*7+6 -> 1966 | G37: =IF(E37=0,"",(E37-F37)/E37) -> 0.057977959 | I37: =SUM(J37:AH37) -> 121 | K37: =8+30+35 -> 73 | L37: 9 | W37: =8+9 -> 17 | AE37: 4 | AF37: 18 | AI37: 280*7+QC6 | AK37: จบ Lot. ส่งวันที่ 13/8/69
B38: =B10 -> 0 | C38: ครอบข้างปิดปลายซิมเลท | D38: =D10 -> 0 | E38: =G10 -> 0 | G38: =IF(E38=0,"",(E38-F38)/E38) | I38: =SUM(J38:AH38) -> 0
B39: =B11 -> 0 | C39: ครอบหัวผนัง | D39: =D11 -> 0 | E39: =G11 -> 0 | G39: =IF(E39=0,"",(E39-F39)/E39) | I39: =SUM(J39:AH39) -> 0
B40: =B12 -> 0 | C40: ครอบข้างผนัง | D40: =D12 -> 0 | E40: =G12 -> 0 | G40: =IF(E40=0,"",(E40-F40)/E40) | I40: =SUM(J40:AH40) -> 0
B41: =B13 -> 0 | C41: ครอบปั้นลม | D41: =D13 -> 0 | E41: =G13 -> 0 | G41: =IF(E41=0,"",(E41-F41)/E41) | I41: =SUM(J41:AH41) -> 0
B42: =B14 -> 0 | C42: ครอบปิดปลายปั้นลม | D42: =D14 -> 0 | E42: =G14 -> 0 | G42: =IF(E42=0,"",(E42-F42)/E42) | I42: =SUM(J42:AH42) -> 0
A43: รวมกะที่ 1 | E43: =SUM(E33:E42) -> 9583 | F43: =SUM(F33:F42) -> 8915 | G43: =IF(E43=0,"",(E43-F43)/E43) -> 0.069706772 | I43: =SUM(J43:AH43) -> 668 | J43: =SUM(J33:J42) -> 0 | K43: =SUM(K33:K42) -> 120 | L43: =SUM(L33:L42) -> 281 | M43: =SUM(M33:M42) -> 0 | N43: =SUM(N33:N42) -> 0 | O43: =SUM(O33:O42) -> 0 | P43: =SUM(P33:P42) -> 0 | Q43: =SUM(Q33:Q42) -> 0 | ... AH43: =SUM(AH33:AH42) -> 0
B44: =B16 -> I11690824 | C44: ครอบสัน | D44: =D16 -> น้ำตาลมั่งมี*N | E44: =G16 -> 223 | F44: =144*1+52+6 -> 202 | G44: =IF(E44=0,"",(E44-F44)/E44) -> 0.094170404 | I44: =SUM(J44:AH44) -> 21 | K44: 15 | M44: 6 | AI44: 144*1+L.52+๐ฉ6 | AK44: จบ Lot. ส่งวันที่ 14/8/69
B45: =B17 -> 0 | C45: ครอบปิดจั่ว | D45: =D17 -> 0 | E45: =G17 -> 0 | G45: =IF(E45=0,"",(E45-F45)/E45) | I45: =SUM(J45:AH45) -> 0
A46: 2 | B46: =B18 -> I13690824 | C46: ครอบตะเข้ | D46: =D18 -> น้ำตาลมั่งมี*N | E46: =G18 -> 528 | F46: =210*2+77+6 -> 503 | G46: =IF(E46=0,"",(E46-F46)/E46) -> 0.047348485 | I46: =SUM(J46:AH46) -> 25 | K46: 10 | L46: 10 | Q46: 5 | AI46: 210*2+ศ.77+QC6 | AK46: จบ Lot. ส่งวันที่ 14/8/69
B47: =B19 -> 0 | C47: ครอบปิดปลายตะเข้ | D47: =D19 -> 0 | E47: =G19 -> 0 | G47: =IF(E47=0,"",(E47-F47)/E47) | I47: =SUM(J47:AH47) -> 0
B48: =B20 -> I15690824 | C48: ครอบข้างซิมเลท | D48: =D20 -> น้ำตาลมั่งมี*N | E48: =G20 -> 391 | F48: =280*1+85+6 -> 371 | G48: =IF(E48=0,"",(E48-F48)/E48) -> 0.051150895 | I48: =SUM(J48:AH48) -> 20 | K48: 10 | M48: 2 | AE48: 3 | AF48: 5 | AI48: 280*1+ศ.85+QC6 | AK48: จบ Lot. ส่งวันที่ 14/8/69
B49: =B21 -> 0 | C49: ครอบข้างปิดปลายซิมเลท | D49: =D21 -> 0 | E49: =G21 -> 0 | G49: =IF(E49=0,"",(E49-F49)/E49) | I49: =SUM(J49:AH49) -> 0
B50: =B22 -> 0 | C50: ครอบหัวผนัง | D50: =D22 -> 0 | E50: =G22 -> 0 | G50: =IF(E50=0,"",(E50-F50)/E50) | I50: =SUM(J50:AH50) -> 0
B51: =B23 -> 0 | C51: ครอบข้างผนัง | D51: =D23 -> 0 | E51: =G23 -> 0 | G51: =IF(E51=0,"",(E51-F51)/E51) | I51: =SUM(J51:AH51) -> 0
B52: =B24 -> 0 | C52: ครอบปั้นลม | D52: =D24 -> 0 | E52: =G24 -> 0 | G52: =IF(E52=0,"",(E52-F52)/E52) | I52: =SUM(J52:AH52) -> 0
B53: =B25 -> 0 | C53: ครอบปิดปลายปั้นลม | D53: =D25 -> 0 | E53: =G25 -> 0 | G53: =IF(E53=0,"",(E53-F53)/E53) | I53: =SUM(J53:AH53) -> 0
A54: รวมกะที่ 2 | E54: =SUM(E44:E53) -> 1142 | F54: =SUM(F44:F53) -> 1076 | G54: =IF(E54=0,"",(E54-F54)/E54) -> 0.057793345 | I54: =SUM(J54:AH54) -> 66 | J54: =SUM(J44:J53) -> 0 | K54: =SUM(K44:K53) -> 35 | L54: =SUM(L44:L53) -> 10 | M54: =SUM(M44:M53) -> 8 | N54: =SUM(N44:N53) -> 0 | O54: =SUM(O44:O53) -> 0 | P54: =SUM(P44:P53) -> 0 | Q54: =SUM(Q44:Q53) -> 5 | ... AH54: =SUM(AH44:AH53) -> 0
A55: รวมทุกกะ | E55: =E43+E54 -> 10725 | F55: =F43+F54 -> 9991 | G55: =IF(E55=0,"",(E55-F55)/E55) -> 0.068438228 | I55: =SUM(I43,I54) -> 734 | J55: =SUM(J43,J54) -> 0 | K55: =SUM(K43,K54) -> 155 | L55: =SUM(L43,L54) -> 291 | M55: =SUM(M43,M54) -> 8 | N55: =SUM(N43,N54) -> 0 | O55: =SUM(O43,O54) -> 0 | P55: =SUM(P43,P54) -> 0 | ... AH55: =SUM(AH43,AH54) -> 0
A57: ผู้ทำรายงาน | E57: หม.ผลิต | I57: หง.ผ | P57: หม.จัดบรรทุก | W57: พ.จ่ายสินค้า | AF57: ผร.
A59: สำเนาเรียน : หัวหน้างานวางแผนผลิต, พนักงานควบคุมคุณภาพ | AI59: GN-F-PD-212 (1 พฤศจิกายน 2551)

Sheet 12
A1: รายงานการผลิตครอบประจำวัน | F1: ครอบ Prestige โรงงานสระบุรี 2/3 | L1: สัปดาห์ที่ | M1: 00/69 | Q1: วันที่ผลิต | R1: 00/08/2569 | V1: MATERIAL DOCUMENT NO
E2: จำนวนที่ผลิต | I2: ปริมาณการใช้วัตถุดิบ | P2: เถ้าลอย | R2: ปูนซีเมนต์ | T2: ปูนซีเมนต์ | V2: ทราย | X2: ทราย | Z2: Water Base | AB2: MOULD | AD2: Adva | AF2: สีพื้น | AH2: สีเหลือบ | AJ2: สีเหลือบ
A3: กะที่ | B3: LOT NO. | C3: ลอน | D3: สี | E3: (แผ่น) | R3: ผสมตัว | T3: ผสมสี | V3: ผสมตัว | X3: ผสมสี | Z3: Spray | AB3: OIL | AH3: 1 | AJ3: 2
E4: Plan | F4: Counter | G4: ห้องบ่ม | H4: Wet Reject | P4: (ตัน) | R4: (ตัน) | T4: (ตัน) | V4: (ตัน) | X4: (ตัน) | Z4: (ลิตร) | AB4: (ลิตร) | AD4: (ลิตร) | AF4: (แผ่น/ถัง) | AH4: (แผ่น/ถัง) | AJ4: (แผ่น/ถัง)
C5: ครอบสัน | H5: =IF(F5=0,"",(F5-G5)/F5) | I5: ปริมาณการใช้กะ 1 | P5: 0 | R5: 0 | T5: 0 | V5: 0 | X5: 0 | Z5: 0 | AB5: 0 | AD5: =SUM(AF5:AK5)*0.025 -> 0 | AF5: 0 | AH5: 0 | AJ5: 0
A6: 1 | C6: ครอบปิดจั่ว | H6: =IF(F6=0,"",(F6-G6)/F6) | I6: คำนวณจาก Counter (ต่อพันแผ่น) | P6: =IF($F$15=0,0,P5*1000/$F$15) -> 0 | R6: =IF($F$15=0,0,R5*1000/$F$15) -> 0 | T6: =IF($F$15=0,0,T5*1000/$F$15) -> 0 | V6: =IF($F$15=0,0,V5*1000/$F$15) -> 0 | X6: =IF($F$15=0,0,X5*1000/$F$15) -> 0 | Z6: =IF($F$15=0,0,Z5*1000/$F$15) -> 0 | AB6: =IF($F$15=0,0,AB5*1000/$F$15) -> 0 | AD6: =IF($F$15=0,0,AD5*1000/$F$15) -> 0 | AF6: =IF(AF5=0,0,F15/AF5) -> 0 | AH6: =IF(AH5=0,0,F15/AH5) -> 0 | AJ6: =IF(AJ5=0,0,F15/AJ5) -> 0
C7: ครอบตะเข้ | H7: =IF(F7=0,"",(F7-G7)/F7) | I7: คำนวณจาก ห้องบ่ม (ต่อพันแผ่น) | P7: =IF($G$15=0,0,P5*1000/$G$15) -> 0 | R7: =IF($G$15=0,0,R5*1000/$G$15) -> 0 | T7: =IF($G$15=0,0,T5*1000/$G$15) -> 0 | V7: =IF($G$15=0,0,V5*1000/$G$15) -> 0 | X7: =IF($G$15=0,0,X5*1000/$G$15) -> 0 | Z7: =IF($G$15=0,0,Z5*1000/$G$15) -> 0 | AB7: =IF($G$15=0,0,AB5*1000/$G$15) -> 0 | AD7: =IF($G$15=0,0,AD5*1000/$G$15) -> 0 | AF7: =IF(AF5=0,0,G15/AF5) -> 0 | AH7: =IF(AH5=0,0,G15/AH5) -> 0 | AJ7: =IF(AJ5=0,0,G15/AJ5) -> 0
C8: ครอบปิดปลายตะเข้ | H8: =IF(F8=0,"",(F8-G8)/F8) | I8: ใช้ปูน ( Batch)
C9: ครอบข้างซิมเลท | H9: =IF(F9=0,"",(F9-G9)/F9) | I9: ทิ้งปูน (Batct)
C10: ครอบข้างปิดปลายซิมเลท | H10: =IF(F10=0,"",(F10-G10)/F10) | I10: ทิ้งสีพื้น (ถัง)
C11: ครอบหัวผนัง | H11: =IF(F11=0,"",(F11-G11)/F11) | I11: ทิ้งสีเหลือบ (ถัง)
C12: ครอบข้างผนัง | H12: =IF(F12=0,"",(F12-G12)/F12) | I12: ใช้ผ้า (ผืน)
C13: ครอบปั้นลม | H13: =IF(F13=0,"",(F13-G13)/F13) | I13: ใช้ผ้า (แผ่น/ผืน) | P13: =F15/P12 -> #DIV/0!
C14: ครอบปิดปลายปั้นลม | H14: =IF(F14=0,"",(F14-G14)/F14) | I14: ใช้ตะแกรง (แผ่น)
A15: รวมกะที่ 1 | E15: =SUM(E5:E14) -> 0 | F15: =SUM(F5:F14) -> 0 | G15: =SUM(G5:G14) -> 0 | H15: =IF(F15=0,"",(F15-G15)/F15) | I15: ใช้ตะแกรง (แผ่น/ผืน) | P15: =F15/P14 -> #DIV/0!
C16: ครอบสัน | H16: =IF(F16=0,"",(F16-G16)/F16) | I16: ปริมาณการใช้กะ 2 | P16: 0 | R16: 0 | T16: 0 | V16: 0 | X16: 0 | Z16: 0 | AB16: 0 | AD16: =SUM(AF16:AK16)*0.025 -> 0 | AF16: 0 | AH16: 0 | AJ16: 0
A17: 2 | C17: ครอบปิดจั่ว | H17: =IF(F17=0,"",(F17-G17)/F17) | I17: คำนวณจาก Counter (ต่อพันแผ่น) | P17: =IF($F$26=0,0,P16*1000/$F$26) -> 0 | R17: =IF($F$26=0,0,R16*1000/$F$26) -> 0 | T17: =IF($F$26=0,0,T16*1000/$F$26) -> 0 | V17: =IF($F$26=0,0,V16*1000/$F$26) -> 0 | X17: =IF($F$26=0,0,X16*1000/$F$26) -> 0 | Z17: =IF($F$26=0,0,Z16*1000/$F$26) -> 0 | AB17: =IF($F$26=0,0,AB16*1000/$F$26) -> 0 | AD17: =IF($F$26=0,0,AD16*1000/$F$26) -> 0 | AF17: =IF(AF16=0,0,F26/AF16) -> 0 | AH17: =IF($F$26=0,0,AH16*1000/$F$26) -> 0 | AJ17: =IF($F$26=0,0,AJ16*1000/$F$26) -> 0
C18: ครอบตะเข้ | H18: =IF(F18=0,"",(F18-G18)/F18) | I18: คำนวณจาก ห้องบ่ม (ต่อพันแผ่น) | P18: =IF($G$26=0,0,P16*1000/$G$26) -> 0 | R18: =IF($G$26=0,0,R16*1000/$G$26) -> 0 | T18: =IF($G$26=0,0,T16*1000/$G$26) -> 0 | V18: =IF($G$26=0,0,V16*1000/$G$26) -> 0 | X18: =IF($G$26=0,0,X16*1000/$G$26) -> 0 | Z18: =IF($G$26=0,0,Z16*1000/$G$26) -> 0 | AB18: =IF($G$26=0,0,AB16*1000/$G$26) -> 0 | AD18: =IF($G$26=0,0,AD16*1000/$G$26) -> 0 | AF18: =IF(AF16=0,0,G26/AF16) -> 0 | AH18: =IF($G$26=0,0,AH16*1000/$G$26) -> 0 | AJ18: =IF($G$26=0,0,AJ16*1000/$G$26) -> 0
C19: ครอบปิดปลายตะเข้ | H19: =IF(F19=0,"",(F19-G19)/F19) | I19: ใช้ปูน ( Batch)
C20: ครอบข้างซิมเลท | H20: =IF(F20=0,"",(F20-G20)/F20) | I20: ทิ้งปูน (Batct)
C21: ครอบข้างปิดปลายซิมเลท | H21: =IF(F21=0,"",(F21-G21)/F21) | I21: ทิ้งสีพื้น (ถัง)
C22: ครอบหัวผนัง | H22: =IF(F22=0,"",(F22-G22)/F22) | I22: ทิ้งสีเหลือบ (ถัง)
C23: ครอบข้างผนัง | H23: =IF(F23=0,"",(F23-G23)/F23) | I23: ใช้ผ้า (ผืน)
C24: ครอบปั้นลม | H24: =IF(F24=0,"",(F24-G24)/F24) | I24: ใช้ผ้า (แผ่น/ผืน) | P24: =F26/P23 -> #DIV/0!
C25: ครอบปิดปลายปั้นลม | H25: =IF(F25=0,"",(F25-G25)/F25) | I25: ใช้ตะแกรง (แผ่น)
A26: รวมกะที่ 2 | E26: =SUM(E16:E25) -> 0 | F26: =SUM(F16:F25) -> 0 | G26: =SUM(G16:G25) -> 0 | H26: =IF(F26=0,"",(F26-G26)/F26) | I26: ใช้ตะแกรง (แผ่น/ผืน) | P26: =F26/P25 -> #DIV/0!
I27: ปริมาณการใช้รวม | P27: =SUM(P5,P16) -> 0 | R27: =SUM(R5,R16) -> 0 | T27: =SUM(T5,T16) -> 0 | V27: =SUM(V5,V16) -> 0 | X27: =SUM(X5,X16) -> 0 | Z27: =SUM(Z5,Z16) -> 0 | AB27: =SUM(AB5,AB16) -> 0 | AD27: =SUM(AD5,AD16) -> 0 | AF27: =SUM(AF5,AF16) -> 0 | AH27: =SUM(AH5,AH16) -> 0 | AJ27: =SUM(AJ5,AJ16) -> 0
A28: รวมทุกกะ | E28: =E15+E26 -> 0 | F28: =F15+F26 -> 0 | G28: =G15+G26 -> 0 | H28: =IF(F28=0,"",(F28-G28)/F28) | I28: คำนวณจาก Counter (ต่อพันแผ่น) | P28: =IF($F$28=0,0,P27*1000/$F$28) -> 0 | R28: =IF($F$28=0,0,R27*1000/$F$28) -> 0 | T28: =IF($F$28=0,0,T27*1000/$F$28) -> 0 | V28: =IF($F$28=0,0,V27*1000/$F$28) -> 0 | X28: =IF($F$28=0,0,X27*1000/$F$28) -> 0 | Z28: =IF($F$28=0,0,Z27*1000/$F$28) -> 0 | AB28: =IF($F$28=0,0,AB27*1000/$F$28) -> 0 | AD28: =IF($F$28=0,0,AD27*1000/$F$28) -> 0 | AF28: =IF($F$28=0,0,AF27*1000/$F$28) -> 0 | AH28: =IF($F$28=0,0,AH27*1000/$F$28) -> 0 | AJ28: =IF($F$28=0,0,AJ27*1000/$F$28) -> 0
I29: คำนวณจาก ห้องบ่ม (ต่อพันแผ่น) | P29: =IF($G$28=0,0,P27*1000/$G$28) -> 0 | R29: =IF($G$28=0,0,R27*1000/$G$28) -> 0 | T29: =IF($G$28=0,0,T27*1000/$G$28) -> 0 | V29: =IF($G$28=0,0,V27*1000/$G$28) -> 0 | X29: =IF($G$28=0,0,X27*1000/$G$28) -> 0 | Z29: =IF($G$28=0,0,Z27*1000/$G$28) -> 0 | AB29: =IF($G$28=0,0,AB27*1000/$G$28) -> 0 | AD29: =IF($G$28=0,0,AD27*1000/$G$28) -> 0 | AF29: =IF($G$28=0,0,AF27*1000/$G$28) -> 0 | AH29: =IF($G$28=0,0,AH27*1000/$G$28) -> 0 | AJ29: =IF($G$28=0,0,AJ27*1000/$G$28) -> 0
A31: รายงานการแกะครอบ | I31: รายละเอียดครอบเสีย | AI31: แผ่นดีนำไปกองเก็บจำนวนไม้ / แผ่น | AK31: หมายเหตุ
A32: กะที่ | B32: LOT NO. | C32: ลอน | D32: สี | E32: จำนวนที่นำมาแกะ | F32: แผ่นดี | G32: Reject | I32: แผ่นเสีย | J32: ร้าวผิว ตัวกระเบื้อง | K32: ร้าว รางลิ้นหงาย | L32: ร้าว ล่างรางลิ้นคว่ำ | M32: ร้าว ล่างตัวครอบ | N32: ร้าว ชายกระเบื้อง | O32: ร้าว เขื่อนรางลิ้นหงาย | P32: ร้าว เขื่อนรางลิ้นคว่ำ | Q32: บิ่นแหว่ง | R32: ผิวครอบปูดบวม | S32: ผิวครอบไม่เรียบ | T32: ขอบไม่คม / ไม่เรียบ | U32: รูพรุน | V32: แตกรูตะปู | W32: เนื้อแหว่งใต้ครอบ | X32: ปูนติดโมล | Y32: สี Salary ไม่เต็ม | Z32: สีเป็นเม็ด | AA32: สีพอง | AB32: สีด้าน | AC32: สีหยด | AD32: สีปูด | AE32: ครอบบาง/น้ำหนักเบา | AF32: ยกชน Rack | AG32: รถยกชน | AH32: อื่นๆ
B33: =B5 -> 0 | C33: ครอบสัน | D33: =D5 -> 0 | E33: =G5 -> 0 | G33: =IF(E33=0,"",(E33-F33)/E33) | I33: =SUM(J33:AH33) -> 0
B34: =B6 -> 0 | C34: ครอบปิดจั่ว | D34: =D6 -> 0 | E34: =G6 -> 0 | G34: =IF(E34=0,"",(E34-F34)/E34) | I34: =SUM(J34:AH34) -> 0
B35: =B7 -> 0 | C35: ครอบตะเข้ | D35: =D7 -> 0 | E35: 0 | G35: =IF(E35=0,"",(E35-F35)/E35) | I35: =SUM(J35:AH35) -> 0
A36: 1 | B36: =B8 -> 0 | C36: ครอบปิดปลายตะเข้ | D36: =D8 -> 0 | E36: =G8 -> 0 | G36: =IF(E36=0,"",(E36-F36)/E36) | I36: =SUM(J36:AH36) -> 0
B37: =B9 -> 0 | C37: ครอบข้างซิมเลท | D37: =D9 -> 0 | E37: =G9 -> 0 | G37: =IF(E37=0,"",(E37-F37)/E37) | I37: =SUM(J37:AH37) -> 0
B38: =B10 -> 0 | C38: ครอบข้างปิดปลายซิมเลท | D38: =D10 -> 0 | E38: =G10 -> 0 | G38: =IF(E38=0,"",(E38-F38)/E38) | I38: =SUM(J38:AH38) -> 0
B39: =B11 -> 0 | C39: ครอบหัวผนัง | D39: =D11 -> 0 | E39: =G11 -> 0 | G39: =IF(E39=0,"",(E39-F39)/E39) | I39: =SUM(J39:AH39) -> 0
B40: =B12 -> 0 | C40: ครอบข้างผนัง | D40: =D12 -> 0 | E40: =G12 -> 0 | G40: =IF(E40=0,"",(E40-F40)/E40) | I40: =SUM(J40:AH40) -> 0
B41: =B13 -> 0 | C41: ครอบปั้นลม | D41: =D13 -> 0 | E41: =G13 -> 0 | G41: =IF(E41=0,"",(E41-F41)/E41) | I41: =SUM(J41:AH41) -> 0
B42: =B14 -> 0 | C42: ครอบปิดปลายปั้นลม | D42: =D14 -> 0 | E42: =G14 -> 0 | G42: =IF(E42=0,"",(E42-F42)/E42) | I42: =SUM(J42:AH42) -> 0
A43: รวมกะที่ 1 | E43: =SUM(E33:E42) -> 0 | F43: =SUM(F33:F42) -> 0 | G43: =IF(E43=0,"",(E43-F43)/E43) | I43: =SUM(J43:AH43) -> 0 | J43: =SUM(J33:J42) -> 0 | K43: =SUM(K33:K42) -> 0 | L43: =SUM(L33:L42) -> 0 | M43: =SUM(M33:M42) -> 0 | N43: =SUM(N33:N42) -> 0 | O43: =SUM(O33:O42) -> 0 | P43: =SUM(P33:P42) -> 0 | Q43: =SUM(Q33:Q42) -> 0 | ... AH43: =SUM(AH33:AH42) -> 0
B44: =B16 -> 0 | C44: ครอบสัน | D44: =D16 -> 0 | E44: =G16 -> 0 | G44: =IF(E44=0,"",(E44-F44)/E44) | I44: =SUM(J44:AH44) -> 0
B45: =B17 -> 0 | C45: ครอบปิดจั่ว | D45: =D17 -> 0 | E45: =G17 -> 0 | G45: =IF(E45=0,"",(E45-F45)/E45) | I45: =SUM(J45:AH45) -> 0
A46: 2 | B46: =B18 -> 0 | C46: ครอบตะเข้ | D46: =D18 -> 0 | E46: =G18 -> 0 | G46: =IF(E46=0,"",(E46-F46)/E46) | I46: =SUM(J46:AH46) -> 0
B47: =B19 -> 0 | C47: ครอบปิดปลายตะเข้ | D47: =D19 -> 0 | E47: =G19 -> 0 | G47: =IF(E47=0,"",(E47-F47)/E47) | I47: =SUM(J47:AH47) -> 0
B48: =B20 -> 0 | C48: ครอบข้างซิมเลท | D48: =D20 -> 0 | E48: =G20 -> 0 | G48: =IF(E48=0,"",(E48-F48)/E48) | I48: =SUM(J48:AH48) -> 0
B49: =B21 -> 0 | C49: ครอบข้างปิดปลายซิมเลท | D49: =D21 -> 0 | E49: =G21 -> 0 | G49: =IF(E49=0,"",(E49-F49)/E49) | I49: =SUM(J49:AH49) -> 0
B50: =B22 -> 0 | C50: ครอบหัวผนัง | D50: =D22 -> 0 | E50: =G22 -> 0 | G50: =IF(E50=0,"",(E50-F50)/E50) | I50: =SUM(J50:AH50) -> 0
B51: =B23 -> 0 | C51: ครอบข้างผนัง | D51: =D23 -> 0 | E51: =G23 -> 0 | G51: =IF(E51=0,"",(E51-F51)/E51) | I51: =SUM(J51:AH51) -> 0
B52: =B24 -> 0 | C52: ครอบปั้นลม | D52: =D24 -> 0 | E52: =G24 -> 0 | G52: =IF(E52=0,"",(E52-F52)/E52) | I52: =SUM(J52:AH52) -> 0
B53: =B25 -> 0 | C53: ครอบปิดปลายปั้นลม | D53: =D25 -> 0 | E53: =G25 -> 0 | G53: =IF(E53=0,"",(E53-F53)/E53) | I53: =SUM(J53:AH53) -> 0
A54: รวมกะที่ 2 | E54: =SUM(E44:E53) -> 0 | F54: =SUM(F44:F53) -> 0 | G54: =IF(E54=0,"",(E54-F54)/E54) | I54: =SUM(J54:AH54) -> 0 | J54: =SUM(J44:J53) -> 0 | K54: =SUM(K44:K53) -> 0 | L54: =SUM(L44:L53) -> 0 | M54: =SUM(M44:M53) -> 0 | N54: =SUM(N44:N53) -> 0 | O54: =SUM(O44:O53) -> 0 | P54: =SUM(P44:P53) -> 0 | Q54: =SUM(Q44:Q53) -> 0 | ... AH54: =SUM(AH44:AH53) -> 0
A55: รวมทุกกะ | E55: =E43+E54 -> 0 | F55: =F43+F54 -> 0 | G55: =IF(E55=0,"",(E55-F55)/E55) | I55: =SUM(I43,I54) -> 0 | J55: =SUM(J43,J54) -> 0 | K55: =SUM(K43,K54) -> 0 | L55: =SUM(L43,L54) -> 0 | M55: =SUM(M43,M54) -> 0 | N55: =SUM(N43,N54) -> 0 | O55: =SUM(O43,O54) -> 0 | P55: =SUM(P43,P54) -> 0 | ... AH55: =SUM(AH43,AH54) -> 0
A57: ผู้ทำรายงาน | E57: หม.ผลิต | I57: หง.ผ | P57: หม.จัดบรรทุก | W57: พ.จ่ายสินค้า | AF57: ผร.
A59: สำเนาเรียน : หัวหน้างานวางแผนผลิต, พนักงานควบคุมคุณภาพ | AI59: GN-F-PD-212 (1 พฤศจิกายน 2551)

Sheet 13
A1: รายงานการผลิตครอบประจำวัน | F1: ครอบ Prestige โรงงานสระบุรี 2/3 | L1: สัปดาห์ที่ | M1: 00/69 | Q1: วันที่ผลิต | R1: 244574 | V1: MATERIAL DOCUMENT NO
E2: จำนวนที่ผลิต | I2: ปริมาณการใช้วัตถุดิบ | P2: เถ้าลอย | R2: ปูนซีเมนต์ | T2: ปูนซีเมนต์ | V2: ทราย | X2: ทราย | Z2: Water Base | AB2: MOULD | AD2: Adva | AF2: สีพื้น | AH2: สีเหลือบ | AJ2: สีเหลือบ
A3: กะที่ | B3: LOT NO. | C3: ลอน | D3: สี | E3: (แผ่น) | R3: ผสมตัว | T3: ผสมสี | V3: ผสมตัว | X3: ผสมสี | Z3: Spray | AB3: OIL | AH3: 1 | AJ3: 2
E4: Plan | F4: Counter | G4: ห้องบ่ม | H4: Wet Reject | P4: (ตัน) | R4: (ตัน) | T4: (ตัน) | V4: (ตัน) | X4: (ตัน) | Z4: (ลิตร) | AB4: (ลิตร) | AD4: (ลิตร) | AF4: (แผ่น/ถัง) | AH4: (แผ่น/ถัง) | AJ4: (แผ่น/ถัง)
B5: I11690826 | C5: ครอบสัน | D5: มิดไนท์เกรย์*N | E5: 4000 | F5: =2236+1282+1273 -> 4791 | G5: =2056+2314 -> 4370 | H5: =IF(F5=0,"",(F5-G5)/F5) -> 0.087873095 | I5: ปริมาณการใช้กะ 1 | P5: 4.586 | R5: 14.389 | T5: 1.43 | V5: 36.649 | X5: 0.829 | Z5: =200+200+110 -> 510 | AB5: =32+29 -> 61 | AD5: =SUM(AF5:AK5)*0.025 -> 2.925 | AF5: =14+14+14+14+14+47 -> 117 | AH5: 0 | AJ5: 0
A6: 1 | C6: ครอบปิดจั่ว | H6: =IF(F6=0,"",(F6-G6)/F6) | I6: คำนวณจาก Counter (ต่อพันแผ่น) | P6: =IF($F$15=0,0,P5*1000/$F$15) -> 0.25449501 | R6: =IF($F$15=0,0,R5*1000/$F$15) -> 0.79850166 | T6: =IF($F$15=0,0,T5*1000/$F$15) -> 0.079356271 | V6: =IF($F$15=0,0,V5*1000/$F$15) -> 2.0337958 | X6: =IF($F$15=0,0,X5*1000/$F$15) -> 0.04600444 | Z6: =IF($F$15=0,0,Z5*1000/$F$15) -> 28.301887 | AB6: =IF($F$15=0,0,AB5*1000/$F$15) -> 3.3851276 | AD6: =IF($F$15=0,0,AD5*1000/$F$15) -> 0.16231964 | AF6: =IF(AF5=0,0,F15/AF5) -> 154.01709 | AH6: =IF(AH5=0,0,F15/AH5) -> 0 | AJ6: =IF(AJ5=0,0,F15/AJ5) -> 0
B7: I13690826 | C7: ครอบตะเข้ | D7: มิดไนท์เกรย์*N | E7: 6000 | F7: =5620+1225+1120+1205+1330 -> 10500 | G7: =5069+4447 -> 9516 | H7: =IF(F7=0,"",(F7-G7)/F7) -> 0.093714286 | I7: คำนวณจาก ห้องบ่ม (ต่อพันแผ่น) | P7: =IF($G$15=0,0,P5*1000/$G$15) -> 0.27735107 | R7: =IF($G$15=0,0,R5*1000/$G$15) -> 0.8702147 | T7: =IF($G$15=0,0,T5*1000/$G$15) -> 0.086483217 | V7: =IF($G$15=0,0,V5*1000/$G$15) -> 2.21645 | X7: =IF($G$15=0,0,X5*1000/$G$15) -> 0.050136075 | Z7: =IF($G$15=0,0,Z5*1000/$G$15) -> 30.843665 | AB7: =IF($G$15=0,0,AB5*1000/$G$15) -> 3.6891442 | AD7: =IF($G$15=0,0,AD5*1000/$G$15) -> 0.17689749 | AF7: =IF(AF5=0,0,G15/AF5) -> 141.32479 | AH7: =IF(AH5=0,0,G15/AH5) -> 0 | AJ7: =IF(AJ5=0,0,G15/AJ5) -> 0
C8: ครอบปิดปลายตะเข้ | H8: =IF(F8=0,"",(F8-G8)/F8) | I8: ใช้ปูน ( Batch) | P8: =117+95 -> 212
B9: I15690826 | C9: ครอบข้างซิมเลท | D9: มิดไนท์เกรย์*N | E9: 2000 | F9: =1557+1172 -> 2729 | G9: =1493+1156 -> 2649 | H9: =IF(F9=0,"",(F9-G9)/F9) -> 0.029314767 | I9: ทิ้งปูน (Batct)
C10: ครอบข้างปิดปลายซิมเลท | H10: =IF(F10=0,"",(F10-G10)/F10) | I10: ทิ้งสีพื้น (ถัง)
C11: ครอบหัวผนัง | H11: =IF(F11=0,"",(F11-G11)/F11) | I11: ทิ้งสีเหลือบ (ถัง)
C12: ครอบข้างผนัง | H12: =IF(F12=0,"",(F12-G12)/F12) | I12: ใช้ผ้า (ผืน) | P12: =4+4+5+5+5+5+6+6+5+5+4+5+4 -> 63
C13: ครอบปั้นลม | H13: =IF(F13=0,"",(F13-G13)/F13) | I13: ใช้ผ้า (แผ่น/ผืน) | P13: =F15/P12 -> 286.03175
C14: ครอบปิดปลายปั้นลม | H14: =IF(F14=0,"",(F14-G14)/F14) | I14: ใช้ตะแกรง (แผ่น) | P14: 7
A15: รวมกะที่ 1 | E15: =SUM(E5:E14) -> 12000 | F15: =SUM(F5:F14) -> 18020 | G15: =SUM(G5:G14) -> 16535 | H15: =IF(F15=0,"",(F15-G15)/F15) -> 0.082408435 | I15: ใช้ตะแกรง (แผ่น/ผืน) | P15: =F15/P14 -> 2574.2857
C16: ครอบสัน | H16: =IF(F16=0,"",(F16-G16)/F16) | I16: ปริมาณการใช้กะ 2 | P16: 0 | R16: 0 | T16: 0 | V16: 0 | X16: 0 | Z16: 0 | AB16: 0 | AD16: =SUM(AF16:AK16)*0.025 -> 0 | AF16: 0 | AH16: 0 | AJ16: 0
A17: 2 | C17: ครอบปิดจั่ว | H17: =IF(F17=0,"",(F17-G17)/F17) | I17: คำนวณจาก Counter (ต่อพันแผ่น) | P17: =IF($F$26=0,0,P16*1000/$F$26) -> 0 | R17: =IF($F$26=0,0,R16*1000/$F$26) -> 0 | T17: =IF($F$26=0,0,T16*1000/$F$26) -> 0 | V17: =IF($F$26=0,0,V16*1000/$F$26) -> 0 | X17: =IF($F$26=0,0,X16*1000/$F$26) -> 0 | Z17: =IF($F$26=0,0,Z16*1000/$F$26) -> 0 | AB17: =IF($F$26=0,0,AB16*1000/$F$26) -> 0 | AD17: =IF($F$26=0,0,AD16*1000/$F$26) -> 0 | AF17: =IF(AF16=0,0,F26/AF16) -> 0 | AH17: =IF($F$26=0,0,AH16*1000/$F$26) -> 0 | AJ17: =IF($F$26=0,0,AJ16*1000/$F$26) -> 0
C18: ครอบตะเข้ | H18: =IF(F18=0,"",(F18-G18)/F18) | I18: คำนวณจาก ห้องบ่ม (ต่อพันแผ่น) | P18: =IF($G$26=0,0,P16*1000/$G$26) -> 0 | R18: =IF($G$26=0,0,R16*1000/$G$26) -> 0 | T18: =IF($G$26=0,0,T16*1000/$G$26) -> 0 | V18: =IF($G$26=0,0,V16*1000/$G$26) -> 0 | X18: =IF($G$26=0,0,X16*1000/$G$26) -> 0 | Z18: =IF($G$26=0,0,Z16*1000/$G$26) -> 0 | AB18: =IF($G$26=0,0,AB16*1000/$G$26) -> 0 | AD18: =IF($G$26=0,0,AD16*1000/$G$26) -> 0 | AF18: =IF(AF16=0,0,G26/AF16) -> 0 | AH18: =IF($G$26=0,0,AH16*1000/$G$26) -> 0 | AJ18: =IF($G$26=0,0,AJ16*1000/$G$26) -> 0
C19: ครอบปิดปลายตะเข้ | H19: =IF(F19=0,"",(F19-G19)/F19) | I19: ใช้ปูน ( Batch)
C20: ครอบข้างซิมเลท | H20: =IF(F20=0,"",(F20-G20)/F20) | I20: ทิ้งปูน (Batct)
C21: ครอบข้างปิดปลายซิมเลท | H21: =IF(F21=0,"",(F21-G21)/F21) | I21: ทิ้งสีพื้น (ถัง)
C22: ครอบหัวผนัง | H22: =IF(F22=0,"",(F22-G22)/F22) | I22: ทิ้งสีเหลือบ (ถัง)
C23: ครอบข้างผนัง | H23: =IF(F23=0,"",(F23-G23)/F23) | I23: ใช้ผ้า (ผืน)
C24: ครอบปั้นลม | H24: =IF(F24=0,"",(F24-G24)/F24) | I24: ใช้ผ้า (แผ่น/ผืน) | P24: =F26/P23 -> #DIV/0!
C25: ครอบปิดปลายปั้นลม | H25: =IF(F25=0,"",(F25-G25)/F25) | I25: ใช้ตะแกรง (แผ่น)
A26: รวมกะที่ 2 | E26: =SUM(E16:E25) -> 0 | F26: =SUM(F16:F25) -> 0 | G26: =SUM(G16:G25) -> 0 | H26: =IF(F26=0,"",(F26-G26)/F26) | I26: ใช้ตะแกรง (แผ่น/ผืน) | P26: =F26/P25 -> #DIV/0!
I27: ปริมาณการใช้รวม | P27: =SUM(P5,P16) -> 4.586 | R27: =SUM(R5,R16) -> 14.389 | T27: =SUM(T5,T16) -> 1.43 | V27: =SUM(V5,V16) -> 36.649 | X27: =SUM(X5,X16) -> 0.829 | Z27: =SUM(Z5,Z16) -> 510 | AB27: =SUM(AB5,AB16) -> 61 | AD27: =SUM(AD5,AD16) -> 2.925 | AF27: =SUM(AF5,AF16) -> 117 | AH27: =SUM(AH5,AH16) -> 0 | AJ27: =SUM(AJ5,AJ16) -> 0
A28: รวมทุกกะ | E28: =E15+E26 -> 12000 | F28: =F15+F26 -> 18020 | G28: =G15+G26 -> 16535 | H28: =IF(F28=0,"",(F28-G28)/F28) -> 0.082408435 | I28: คำนวณจาก Counter (ต่อพันแผ่น) | P28: =IF($F$28=0,0,P27*1000/$F$28) -> 0.25449501 | R28: =IF($F$28=0,0,R27*1000/$F$28) -> 0.79850166 | T28: =IF($F$28=0,0,T27*1000/$F$28) -> 0.079356271 | V28: =IF($F$28=0,0,V27*1000/$F$28) -> 2.0337958 | X28: =IF($F$28=0,0,X27*1000/$F$28) -> 0.04600444 | Z28: =IF($F$28=0,0,Z27*1000/$F$28) -> 28.301887 | AB28: =IF($F$28=0,0,AB27*1000/$F$28) -> 3.3851276 | AD28: =IF($F$28=0,0,AD27*1000/$F$28) -> 0.16231964 | AF28: =IF($F$28=0,0,AF27*1000/$F$28) -> 6.4927858 | AH28: =IF($F$28=0,0,AH27*1000/$F$28) -> 0 | AJ28: =IF($F$28=0,0,AJ27*1000/$F$28) -> 0
I29: คำนวณจาก ห้องบ่ม (ต่อพันแผ่น) | P29: =IF($G$28=0,0,P27*1000/$G$28) -> 0.27735107 | R29: =IF($G$28=0,0,R27*1000/$G$28) -> 0.8702147 | T29: =IF($G$28=0,0,T27*1000/$G$28) -> 0.086483217 | V29: =IF($G$28=0,0,V27*1000/$G$28) -> 2.21645 | X29: =IF($G$28=0,0,X27*1000/$G$28) -> 0.050136075 | Z29: =IF($G$28=0,0,Z27*1000/$G$28) -> 30.843665 | AB29: =IF($G$28=0,0,AB27*1000/$G$28) -> 3.6891442 | AD29: =IF($G$28=0,0,AD27*1000/$G$28) -> 0.17689749 | AF29: =IF($G$28=0,0,AF27*1000/$G$28) -> 7.0758996 | AH29: =IF($G$28=0,0,AH27*1000/$G$28) -> 0 | AJ29: =IF($G$28=0,0,AJ27*1000/$G$28) -> 0
A31: รายงานการแกะครอบ | I31: รายละเอียดครอบเสีย | AI31: แผ่นดีนำไปกองเก็บจำนวนไม้ / แผ่น | AK31: หมายเหตุ
A32: กะที่ | B32: LOT NO. | C32: ลอน | D32: สี | E32: จำนวนที่นำมาแกะ | F32: แผ่นดี | G32: Reject | I32: แผ่นเสีย | J32: ร้าวผิว ตัวกระเบื้อง | K32: ร้าว รางลิ้นหงาย | L32: ร้าว ล่างรางลิ้นคว่ำ | M32: ร้าว ล่างตัวครอบ | N32: ร้าว ชายกระเบื้อง | O32: ร้าว เขื่อนรางลิ้นหงาย | P32: ร้าว เขื่อนรางลิ้นคว่ำ | Q32: บิ่นแหว่ง | R32: ผิวครอบปูดบวม | S32: ผิวครอบไม่เรียบ | T32: ขอบไม่คม / ไม่เรียบ | U32: รูพรุน | V32: แตกรูตะปู | W32: เนื้อแหว่งใต้ครอบ | X32: ปูนติดโมล | Y32: สี Salary ไม่เต็ม | Z32: สีเป็นเม็ด | AA32: สีพอง | AB32: สีด้าน | AC32: สีหยด | AD32: สีปูด | AE32: ครอบบาง/น้ำหนักเบา | AF32: ยกชน Rack | AG32: รถยกชน | AH32: อื่นๆ
B33: =B5 -> I11690826 | C33: ครอบสัน | D33: =D5 -> มิดไนท์เกรย์*N | E33: =G5 -> 4370 | F33: =144*25+100+6 -> 3706 | G33: =IF(E33=0,"",(E33-F33)/E33) -> 0.15194508 | I33: =SUM(J33:AH33) -> 664 | K33: =25+25+25+20+30+25+11+14 -> 175 | L33: =25+25+35+30+35+30 -> 180 | M33: =20+20+7+15 -> 62 | Q33: 3 | R33: 3 | V33: =25+25+25+1+30+15 -> 121 | W33: =20+30 -> 50 | AB33: =10+12+4 -> 26 | AC33: 1 | AE33: =13 -> 13 | AF33: =7+3 -> 10 | AH33: 20 | AI33: 144*25+ศ.100+QC6 | AK33: จบ Lot. ส่งวันที่ 15/8/69
B34: =B6 -> 0 | C34: ครอบปิดจั่ว | D34: =D6 -> 0 | E34: =G6 -> 0 | G34: =IF(E34=0,"",(E34-F34)/E34) | I34: =SUM(J34:AH34) -> 0
B35: =B7 -> I13690826 | C35: ครอบตะเข้ | D35: =D7 -> มิดไนท์เกรย์*N | E35: =G7 -> 9516 | F35: =210*41+44+6 -> 8660 | G35: =IF(E35=0,"",(E35-F35)/E35) -> 0.089953762 | I35: =SUM(J35:AH35) -> 856 | K35: =9+30+8+30+2+2+22+20+2+9+3+4 -> 141 | L35: =15+30+30+10+35+30+15+25+11+25+25+7+8+30+10+13 -> 319 | M35: 2 | O35: =2+10+25+20+7 -> 64 | Q35: 2 | R35: 2 | V35: =5+12+30 -> 47 | W35: =30+35+25+20+35+30 -> 175 | Y35: =2+7 -> 9 | AB35: 4 | AC35: =13+3+6+5 -> 27 | AF35: =4+4+2 -> 10 | AH35: 54 | AI35: 210*41+ศ.44+QC6 | AK35: จบ Lot. ส่งวันที่ 15/8/69
A36: 1 | B36: =B8 -> 0 | C36: ครอบปิดปลายตะเข้ | D36: =D8 -> 0 | E36: 0 | G36: =IF(E36=0,"",(E36-F36)/E36) | I36: =SUM(J36:AH36) -> 0
B37: =B9 -> I15690826 | C37: ครอบข้างซิมเลท | D37: =D9 -> มิดไนท์เกรย์*N | E37: =G9 -> 2649 | F37: =280*9+6 -> 2526 | G37: =IF(E37=0,"",(E37-F37)/E37) -> 0.046432616 | I37: =SUM(J37:AH37) -> 123 | K37: =5+17+30+15 -> 67 | L37: 23 | Q37: 8 | R37: 5 | AC37: 1 | AF37: =5+7+7 -> 19 | AI37: 280*9+QC6 | AK37: จบ Lot. ส่งวันที่ 15/8/69
B38: =B10 -> 0 | C38: ครอบข้างปิดปลายซิมเลท | D38: =D10 -> 0 | E38: =G10 -> 0 | G38: =IF(E38=0,"",(E38-F38)/E38) | I38: =SUM(J38:AH38) -> 0
B39: =B11 -> 0 | C39: ครอบหัวผนัง | D39: =D11 -> 0 | E39: =G11 -> 0 | G39: =IF(E39=0,"",(E39-F39)/E39) | I39: =SUM(J39:AH39) -> 0
B40: =B12 -> 0 | C40: ครอบข้างผนัง | D40: =D12 -> 0 | E40: =G12 -> 0 | G40: =IF(E40=0,"",(E40-F40)/E40) | I40: =SUM(J40:AH40) -> 0
B41: =B13 -> 0 | C41: ครอบปั้นลม | D41: =D13 -> 0 | E41: =G13 -> 0 | G41: =IF(E41=0,"",(E41-F41)/E41) | I41: =SUM(J41:AH41) -> 0
B42: =B14 -> 0 | C42: ครอบปิดปลายปั้นลม | D42: =D14 -> 0 | E42: =G14 -> 0 | G42: =IF(E42=0,"",(E42-F42)/E42) | I42: =SUM(J42:AH42) -> 0
A43: รวมกะที่ 1 | E43: =SUM(E33:E42) -> 16535 | F43: =SUM(F33:F42) -> 14892 | G43: =IF(E43=0,"",(E43-F43)/E43) -> 0.099364983 | I43: =SUM(J43:AH43) -> 1643 | J43: =SUM(J33:J42) -> 0 | K43: =SUM(K33:K42) -> 383 | L43: =SUM(L33:L42) -> 522 | M43: =SUM(M33:M42) -> 64 | N43: =SUM(N33:N42) -> 0 | O43: =SUM(O33:O42) -> 64 | P43: =SUM(P33:P42) -> 0 | Q43: =SUM(Q33:Q42) -> 13 | ... AH43: =SUM(AH33:AH42) -> 74
B44: =B16 -> 0 | C44: ครอบสัน | D44: =D16 -> 0 | E44: =G16 -> 0 | G44: =IF(E44=0,"",(E44-F44)/E44) | I44: =SUM(J44:AH44) -> 0
B45: =B17 -> 0 | C45: ครอบปิดจั่ว | D45: =D17 -> 0 | E45: =G17 -> 0 | G45: =IF(E45=0,"",(E45-F45)/E45) | I45: =SUM(J45:AH45) -> 0
A46: 2 | B46: =B18 -> 0 | C46: ครอบตะเข้ | D46: =D18 -> 0 | E46: =G18 -> 0 | G46: =IF(E46=0,"",(E46-F46)/E46) | I46: =SUM(J46:AH46) -> 0
B47: =B19 -> 0 | C47: ครอบปิดปลายตะเข้ | D47: =D19 -> 0 | E47: =G19 -> 0 | G47: =IF(E47=0,"",(E47-F47)/E47) | I47: =SUM(J47:AH47) -> 0
B48: =B20 -> 0 | C48: ครอบข้างซิมเลท | D48: =D20 -> 0 | E48: =G20 -> 0 | G48: =IF(E48=0,"",(E48-F48)/E48) | I48: =SUM(J48:AH48) -> 0
B49: =B21 -> 0 | C49: ครอบข้างปิดปลายซิมเลท | D49: =D21 -> 0 | E49: =G21 -> 0 | G49: =IF(E49=0,"",(E49-F49)/E49) | I49: =SUM(J49:AH49) -> 0
B50: =B22 -> 0 | C50: ครอบหัวผนัง | D50: =D22 -> 0 | E50: =G22 -> 0 | G50: =IF(E50=0,"",(E50-F50)/E50) | I50: =SUM(J50:AH50) -> 0
B51: =B23 -> 0 | C51: ครอบข้างผนัง | D51: =D23 -> 0 | E51: =G23 -> 0 | G51: =IF(E51=0,"",(E51-F51)/E51) | I51: =SUM(J51:AH51) -> 0
B52: =B24 -> 0 | C52: ครอบปั้นลม | D52: =D24 -> 0 | E52: =G24 -> 0 | G52: =IF(E52=0,"",(E52-F52)/E52) | I52: =SUM(J52:AH52) -> 0
B53: =B25 -> 0 | C53: ครอบปิดปลายปั้นลม | D53: =D25 -> 0 | E53: =G25 -> 0 | G53: =IF(E53=0,"",(E53-F53)/E53) | I53: =SUM(J53:AH53) -> 0
A54: รวมกะที่ 2 | E54: =SUM(E44:E53) -> 0 | F54: =SUM(F44:F53) -> 0 | G54: =IF(E54=0,"",(E54-F54)/E54) | I54: =SUM(J54:AH54) -> 0 | J54: =SUM(J44:J53) -> 0 | K54: =SUM(K44:K53) -> 0 | L54: =SUM(L44:L53) -> 0 | M54: =SUM(M44:M53) -> 0 | N54: =SUM(N44:N53) -> 0 | O54: =SUM(O44:O53) -> 0 | P54: =SUM(P44:P53) -> 0 | Q54: =SUM(Q44:Q53) -> 0 | ... AH54: =SUM(AH44:AH53) -> 0
A55: รวมทุกกะ | E55: =E43+E54 -> 16535 | F55: =F43+F54 -> 14892 | G55: =IF(E55=0,"",(E55-F55)/E55) -> 0.099364983 | I55: =SUM(I43,I54) -> 1643 | J55: =SUM(J43,J54) -> 0 | K55: =SUM(K43,K54) -> 383 | L55: =SUM(L43,L54) -> 522 | M55: =SUM(M43,M54) -> 64 | N55: =SUM(N43,N54) -> 0 | O55: =SUM(O43,O54) -> 64 | P55: =SUM(P43,P54) -> 0 | ... AH55: =SUM(AH43,AH54) -> 74
A57: ผู้ทำรายงาน | E57: หม.ผลิต | I57: หง.ผ | P57: หม.จัดบรรทุก | W57: พ.จ่ายสินค้า | AF57: ผร.
A59: สำเนาเรียน : หัวหน้างานวางแผนผลิต, พนักงานควบคุมคุณภาพ | AI59: GN-F-PD-212 (1 พฤศจิกายน 2551)

Sheet 14
A1: รายงานการผลิตครอบประจำวัน | F1: ครอบ Prestige โรงงานสระบุรี 2/3 | L1: สัปดาห์ที่ | M1: 00/69 | Q1: วันที่ผลิต | R1: 244575 | V1: MATERIAL DOCUMENT NO
E2: จำนวนที่ผลิต | I2: ปริมาณการใช้วัตถุดิบ | P2: เถ้าลอย | R2: ปูนซีเมนต์ | T2: ปูนซีเมนต์ | V2: ทราย | X2: ทราย | Z2: Water Base | AB2: MOULD | AD2: Adva | AF2: สีพื้น | AH2: สีเหลือบ | AJ2: สีเหลือบ
A3: กะที่ | B3: LOT NO. | C3: ลอน | D3: สี | E3: (แผ่น) | R3: ผสมตัว | T3: ผสมสี | V3: ผสมตัว | X3: ผสมสี | Z3: Spray | AB3: OIL | AH3: 1 | AJ3: 2
E4: Plan | F4: Counter | G4: ห้องบ่ม | H4: Wet Reject | P4: (ตัน) | R4: (ตัน) | T4: (ตัน) | V4: (ตัน) | X4: (ตัน) | Z4: (ลิตร) | AB4: (ลิตร) | AD4: (ลิตร) | AF4: (แผ่น/ถัง) | AH4: (แผ่น/ถัง) | AJ4: (แผ่น/ถัง)
B5: I11690827 | C5: ครอบสัน | D5: มิดไนท์บลู*N | E5: 4000 | F5: =2472+1020+1055 -> 4547 | G5: =2340+1855 -> 4195 | H5: =IF(F5=0,"",(F5-G5)/F5) -> 0.077413679 | I5: ปริมาณการใช้กะ 1 | P5: 4.372 | R5: 13.084 | T5: 1.38 | V5: 34.741 | X5: 0.807 | Z5: =164+180+110+20 -> 474 | AB5: =33+30 -> 63 | AD5: =SUM(AF5:AK5)*0.025 -> 2.825 | AF5: =66+47 -> 113 | AH5: 0 | AJ5: 0
A6: 1 | C6: ครอบปิดจั่ว | H6: =IF(F6=0,"",(F6-G6)/F6) | I6: คำนวณจาก Counter (ต่อพันแผ่น) | P6: =IF($F$15=0,0,P5*1000/$F$15) -> 0.26364349 | R6: =IF($F$15=0,0,R5*1000/$F$15) -> 0.78900078 | T6: =IF($F$15=0,0,T5*1000/$F$15) -> 0.083217753 | V6: =IF($F$15=0,0,V5*1000/$F$15) -> 2.0949768 | X6: =IF($F$15=0,0,X5*1000/$F$15) -> 0.048664295 | Z6: =IF($F$15=0,0,Z5*1000/$F$15) -> 28.583489 | AB6: =IF($F$15=0,0,AB5*1000/$F$15) -> 3.7990713 | AD6: =IF($F$15=0,0,AD5*1000/$F$15) -> 0.17035518 | AF6: =IF(AF5=0,0,F15/AF5) -> 146.75221 | AH6: =IF(AH5=0,0,F15/AH5) -> 0 | AJ6: =IF(AJ5=0,0,F15/AJ5) -> 0
B7: I13690827 | C7: ครอบตะเข้ | D7: มิดไนท์บลู*N | E7: 6000 | F7: =4744+1001+1152+1266+1099 -> 9262 | G7: =3966+4210 -> 8176 | H7: =IF(F7=0,"",(F7-G7)/F7) -> 0.11725329 | I7: คำนวณจาก ห้องบ่ม (ต่อพันแผ่น) | P7: =IF($G$15=0,0,P5*1000/$G$15) -> 0.29090425 | R7: =IF($G$15=0,0,R5*1000/$G$15) -> 0.87058354 | T7: =IF($G$15=0,0,T5*1000/$G$15) -> 0.091822477 | V7: =IF($G$15=0,0,V5*1000/$G$15) -> 2.3115976 | X7: =IF($G$15=0,0,X5*1000/$G$15) -> 0.053696187 | Z7: =IF($G$15=0,0,Z5*1000/$G$15) -> 31.539025 | AB7: =IF($G$15=0,0,AB5*1000/$G$15) -> 4.1918957 | AD7: =IF($G$15=0,0,AD5*1000/$G$15) -> 0.18796992 | AF7: =IF(AF5=0,0,G15/AF5) -> 133 | AH7: =IF(AH5=0,0,G15/AH5) -> 0 | AJ7: =IF(AJ5=0,0,G15/AJ5) -> 0
C8: ครอบปิดปลายตะเข้ | H8: =IF(F8=0,"",(F8-G8)/F8) | I8: ใช้ปูน ( Batch) | P8: =106+86 -> 192
B9: I15690827 | C9: ครอบข้างซิมเลท | D9: มิดไนท์บลู*N | E9: 2000 | F9: =1422+1352 -> 2774 | G9: =1344+1314 -> 2658 | H9: =IF(F9=0,"",(F9-G9)/F9) -> 0.041816871 | I9: ทิ้งปูน (Batct)
C10: ครอบข้างปิดปลายซิมเลท | H10: =IF(F10=0,"",(F10-G10)/F10) | I10: ทิ้งสีพื้น (ถัง)
C11: ครอบหัวผนัง | H11: =IF(F11=0,"",(F11-G11)/F11) | I11: ทิ้งสีเหลือบ (ถัง)
C12: ครอบข้างผนัง | H12: =IF(F12=0,"",(F12-G12)/F12) | I12: ใช้ผ้า (ผืน) | P12: =36+5+6+6+5+4+4+4 -> 70
C13: ครอบปั้นลม | H13: =IF(F13=0,"",(F13-G13)/F13) | I13: ใช้ผ้า (แผ่น/ผืน) | P13: =F15/P12 -> 236.9
C14: ครอบปิดปลายปั้นลม | H14: =IF(F14=0,"",(F14-G14)/F14) | I14: ใช้ตะแกรง (แผ่น) | P14: 7
A15: รวมกะที่ 1 | E15: =SUM(E5:E14) -> 12000 | F15: =SUM(F5:F14) -> 16583 | G15: =SUM(G5:G14) -> 15029 | H15: =IF(F15=0,"",(F15-G15)/F15) -> 0.093710426 | I15: ใช้ตะแกรง (แผ่น/ผืน) | P15: =F15/P14 -> 2369
C16: ครอบสัน | H16: =IF(F16=0,"",(F16-G16)/F16) | I16: ปริมาณการใช้กะ 2 | P16: 0 | R16: 0 | T16: 0 | V16: 0 | X16: 0 | Z16: 0 | AB16: 0 | AD16: =SUM(AF16:AK16)*0.025 -> 0 | AF16: 0 | AH16: 0 | AJ16: 0
A17: 2 | C17: ครอบปิดจั่ว | H17: =IF(F17=0,"",(F17-G17)/F17) | I17: คำนวณจาก Counter (ต่อพันแผ่น) | P17: =IF($F$26=0,0,P16*1000/$F$26) -> 0 | R17: =IF($F$26=0,0,R16*1000/$F$26) -> 0 | T17: =IF($F$26=0,0,T16*1000/$F$26) -> 0 | V17: =IF($F$26=0,0,V16*1000/$F$26) -> 0 | X17: =IF($F$26=0,0,X16*1000/$F$26) -> 0 | Z17: =IF($F$26=0,0,Z16*1000/$F$26) -> 0 | AB17: =IF($F$26=0,0,AB16*1000/$F$26) -> 0 | AD17: =IF($F$26=0,0,AD16*1000/$F$26) -> 0 | AF17: =IF(AF16=0,0,F26/AF16) -> 0 | AH17: =IF($F$26=0,0,AH16*1000/$F$26) -> 0 | AJ17: =IF($F$26=0,0,AJ16*1000/$F$26) -> 0
C18: ครอบตะเข้ | H18: =IF(F18=0,"",(F18-G18)/F18) | I18: คำนวณจาก ห้องบ่ม (ต่อพันแผ่น) | P18: =IF($G$26=0,0,P16*1000/$G$26) -> 0 | R18: =IF($G$26=0,0,R16*1000/$G$26) -> 0 | T18: =IF($G$26=0,0,T16*1000/$G$26) -> 0 | V18: =IF($G$26=0,0,V16*1000/$G$26) -> 0 | X18: =IF($G$26=0,0,X16*1000/$G$26) -> 0 | Z18: =IF($G$26=0,0,Z16*1000/$G$26) -> 0 | AB18: =IF($G$26=0,0,AB16*1000/$G$26) -> 0 | AD18: =IF($G$26=0,0,AD16*1000/$G$26) -> 0 | AF18: =IF(AF16=0,0,G26/AF16) -> 0 | AH18: =IF($G$26=0,0,AH16*1000/$G$26) -> 0 | AJ18: =IF($G$26=0,0,AJ16*1000/$G$26) -> 0
C19: ครอบปิดปลายตะเข้ | H19: =IF(F19=0,"",(F19-G19)/F19) | I19: ใช้ปูน ( Batch)
C20: ครอบข้างซิมเลท | H20: =IF(F20=0,"",(F20-G20)/F20) | I20: ทิ้งปูน (Batct)
C21: ครอบข้างปิดปลายซิมเลท | H21: =IF(F21=0,"",(F21-G21)/F21) | I21: ทิ้งสีพื้น (ถัง)
C22: ครอบหัวผนัง | H22: =IF(F22=0,"",(F22-G22)/F22) | I22: ทิ้งสีเหลือบ (ถัง)
C23: ครอบข้างผนัง | H23: =IF(F23=0,"",(F23-G23)/F23) | I23: ใช้ผ้า (ผืน)
C24: ครอบปั้นลม | H24: =IF(F24=0,"",(F24-G24)/F24) | I24: ใช้ผ้า (แผ่น/ผืน) | P24: =F26/P23 -> #DIV/0!
C25: ครอบปิดปลายปั้นลม | H25: =IF(F25=0,"",(F25-G25)/F25) | I25: ใช้ตะแกรง (แผ่น)
A26: รวมกะที่ 2 | E26: =SUM(E16:E25) -> 0 | F26: =SUM(F16:F25) -> 0 | G26: =SUM(G16:G25) -> 0 | H26: =IF(F26=0,"",(F26-G26)/F26) | I26: ใช้ตะแกรง (แผ่น/ผืน) | P26: =F26/P25 -> #DIV/0!
I27: ปริมาณการใช้รวม | P27: =SUM(P5,P16) -> 4.372 | R27: =SUM(R5,R16) -> 13.084 | T27: =SUM(T5,T16) -> 1.38 | V27: =SUM(V5,V16) -> 34.741 | X27: =SUM(X5,X16) -> 0.807 | Z27: =SUM(Z5,Z16) -> 474 | AB27: =SUM(AB5,AB16) -> 63 | AD27: =SUM(AD5,AD16) -> 2.825 | AF27: =SUM(AF5,AF16) -> 113 | AH27: =SUM(AH5,AH16) -> 0 | AJ27: =SUM(AJ5,AJ16) -> 0
A28: รวมทุกกะ | E28: =E15+E26 -> 12000 | F28: =F15+F26 -> 16583 | G28: =G15+G26 -> 15029 | H28: =IF(F28=0,"",(F28-G28)/F28) -> 0.093710426 | I28: คำนวณจาก Counter (ต่อพันแผ่น) | P28: =IF($F$28=0,0,P27*1000/$F$28) -> 0.26364349 | R28: =IF($F$28=0,0,R27*1000/$F$28) -> 0.78900078 | T28: =IF($F$28=0,0,T27*1000/$F$28) -> 0.083217753 | V28: =IF($F$28=0,0,V27*1000/$F$28) -> 2.0949768 | X28: =IF($F$28=0,0,X27*1000/$F$28) -> 0.048664295 | Z28: =IF($F$28=0,0,Z27*1000/$F$28) -> 28.583489 | AB28: =IF($F$28=0,0,AB27*1000/$F$28) -> 3.7990713 | AD28: =IF($F$28=0,0,AD27*1000/$F$28) -> 0.17035518 | AF28: =IF(AF27=0,0,F28/AF27) -> 146.75221 | AH28: =IF($F$28=0,0,AH27*1000/$F$28) -> 0 | AJ28: =IF($F$28=0,0,AJ27*1000/$F$28) -> 0
I29: คำนวณจาก ห้องบ่ม (ต่อพันแผ่น) | P29: =IF($G$28=0,0,P27*1000/$G$28) -> 0.29090425 | R29: =IF($G$28=0,0,R27*1000/$G$28) -> 0.87058354 | T29: =IF($G$28=0,0,T27*1000/$G$28) -> 0.091822477 | V29: =IF($G$28=0,0,V27*1000/$G$28) -> 2.3115976 | X29: =IF($G$28=0,0,X27*1000/$G$28) -> 0.053696187 | Z29: =IF($G$28=0,0,Z27*1000/$G$28) -> 31.539025 | AB29: =IF($G$28=0,0,AB27*1000/$G$28) -> 4.1918957 | AD29: =IF($G$28=0,0,AD27*1000/$G$28) -> 0.18796992 | AF29: =IF(AF27=0,0,G28/AF27) -> 133 | AH29: =IF($G$28=0,0,AH27*1000/$G$28) -> 0 | AJ29: =IF($G$28=0,0,AJ27*1000/$G$28) -> 0
A31: รายงานการแกะครอบ | I31: รายละเอียดครอบเสีย | AI31: แผ่นดีนำไปกองเก็บจำนวนไม้ / แผ่น | AK31: หมายเหตุ
A32: กะที่ | B32: LOT NO. | C32: ลอน | D32: สี | E32: จำนวนที่นำมาแกะ | F32: แผ่นดี | G32: Reject | I32: แผ่นเสีย | J32: ร้าวผิว ตัวกระเบื้อง | K32: ร้าว รางลิ้นหงาย | L32: ร้าว ล่างรางลิ้นคว่ำ | M32: ร้าว ล่างตัวครอบ | N32: ร้าว ชายกระเบื้อง | O32: ร้าว เขื่อนรางลิ้นหงาย | P32: ร้าว เขื่อนรางลิ้นคว่ำ | Q32: บิ่นแหว่ง | R32: ผิวครอบปูดบวม | S32: ผิวครอบไม่เรียบ | T32: ขอบไม่คม / ไม่เรียบ | U32: รูพรุน | V32: แตกรูตะปู | W32: เนื้อแหว่งใต้ครอบ | X32: ปูนติดโมล | Y32: สี Salary ไม่เต็ม | Z32: สีเป็นเม็ด | AA32: สีพอง | AB32: สีด้าน | AC32: สีหยด | AD32: สีปูด | AE32: ครอบบาง/น้ำหนักเบา | AF32: ยกชน Rack | AG32: รถยกชน | AH32: อื่นๆ
B33: =B5 -> I11690827 | C33: ครอบสัน | D33: =D5 -> มิดไนท์บลู*N | E33: =G5 -> 4195 | F33: =144*25+27+6 -> 3633 | G33: =IF(E33=0,"",(E33-F33)/E33) -> 0.13396901 | I33: =SUM(J33:AH33) -> 562 | J33: =7 -> 7 | K33: =5+20+25+20+13+4 -> 87 | L33: =38+35+15 -> 88 | M33: 230 | O33: 10 | V33: =15+30+30+30+4+5+7+14 -> 135 | AF33: =3+2 -> 5 | AI33: 144*25+ศ.27+QC6 | AK33: จบ Lot. ส่งวันที่ 17/8/69
B34: =B6 -> 0 | C34: ครอบปิดจั่ว | D34: =D6 -> 0 | E34: =G6 -> 0 | G34: =IF(E34=0,"",(E34-F34)/E34) | I34: =SUM(J34:AH34) -> 0
B35: =B7 -> I13690827 | C35: ครอบตะเข้ | D35: =D7 -> มิดไนท์บลู*N | E35: =G7 -> 8176 | F35: =210*35+155+6 -> 7511 | G35: =IF(E35=0,"",(E35-F35)/E35) -> 0.081335616 | I35: =SUM(J35:AH35) -> 665 | J35: =10 -> 10 | K35: =14+20+10+8+20+35+3+7 -> 117 | L35: =7+18+10+25+30+3+1+7+8+25+2+20 -> 156 | M35: 7 | O35: =25+15+25+25+22+31 -> 143 | Q35: =2+3 -> 5 | W35: =23+35+30+15+25+25+20 -> 173 | AB35: 4 | AC35: =9+9+13+3+7+3 -> 44 | AF35: =2+4 -> 6 | AI35: 210*35+ศ.155+QC6 | AK35: จบ Lot. ส่งวันที่ 17/8/69
A36: 1 | B36: =B8 -> 0 | C36: ครอบปิดปลายตะเข้ | D36: =D8 -> 0 | E36: =G8 -> 0 | G36: =IF(E36=0,"",(E36-F36)/E36) | I36: =SUM(J36:AH36) -> 0
B37: =B9 -> I15690827 | C37: ครอบข้างซิมเลท | D37: =D9 -> มิดไนท์บลู*N | E37: =G9 -> 2658 | F37: =280*8+165+6 -> 2411 | G37: =IF(E37=0,"",(E37-F37)/E37) -> 0.092927013 | I37: =SUM(J37:AH37) -> 247 | J37: =7+20 -> 27 | K37: =30+10+23+20+15 -> 98 | L37: =25 -> 25 | M37: =13+5 -> 18 | Q37: =6+7+2 -> 15 | R37: 3 | W37: =11 -> 11 | Y37: 3 | AF37: =5+13+4+20 -> 42 | AH37: 5 | AI37: 280*8+ศ.165+QC6 | AK37: จบ Lot. ส่งวันที่ 17/8/69
B38: =B10 -> 0 | C38: ครอบข้างปิดปลายซิมเลท | D38: =D10 -> 0 | E38: =G10 -> 0 | G38: =IF(E38=0,"",(E38-F38)/E38) | I38: =SUM(J38:AH38) -> 0
B39: =B11 -> 0 | C39: ครอบหัวผนัง | D39: =D11 -> 0 | E39: =G11 -> 0 | G39: =IF(E39=0,"",(E39-F39)/E39) | I39: =SUM(J39:AH39) -> 0
B40: =B12 -> 0 | C40: ครอบข้างผนัง | D40: =D12 -> 0 | E40: =G12 -> 0 | G40: =IF(E40=0,"",(E40-F40)/E40) | I40: =SUM(J40:AH40) -> 0
B41: =B13 -> 0 | C41: ครอบปั้นลม | D41: =D13 -> 0 | E41: =G13 -> 0 | G41: =IF(E41=0,"",(E41-F41)/E41) | I41: =SUM(J41:AH41) -> 0
B42: =B14 -> 0 | C42: ครอบปิดปลายปั้นลม | D42: =D14 -> 0 | E42: =G14 -> 0 | G42: =IF(E42=0,"",(E42-F42)/E42) | I42: =SUM(J42:AH42) -> 0
A43: รวมกะที่ 1 | E43: =SUM(E33:E42) -> 15029 | F43: =SUM(F33:F42) -> 13555 | G43: =IF(E43=0,"",(E43-F43)/E43) -> 0.098077051 | I43: =SUM(J43:AH43) -> 1474 | J43: =SUM(J33:J42) -> 44 | K43: =SUM(K33:K42) -> 302 | L43: =SUM(L33:L42) -> 269 | M43: =SUM(M33:M42) -> 255 | N43: =SUM(N33:N42) -> 0 | O43: =SUM(O33:O42) -> 153 | P43: =SUM(P33:P42) -> 0 | Q43: =SUM(Q33:Q42) -> 20 | ... AH43: =SUM(AH33:AH42) -> 5
B44: =B16 -> 0 | C44: ครอบสัน | D44: =D16 -> 0 | E44: 0 | G44: =IF(E44=0,"",(E44-F44)/E44) | I44: =SUM(J44:AH44) -> 0
B45: =B17 -> 0 | C45: ครอบปิดจั่ว | D45: =D17 -> 0 | E45: =G17 -> 0 | G45: =IF(E45=0,"",(E45-F45)/E45) | I45: =SUM(J45:AH45) -> 0
A46: 2 | B46: =B18 -> 0 | C46: ครอบตะเข้ | D46: =D18 -> 0 | E46: 0 | G46: =IF(E46=0,"",(E46-F46)/E46) | I46: =SUM(J46:AH46) -> 0
B47: =B19 -> 0 | C47: ครอบปิดปลายตะเข้ | D47: =D19 -> 0 | E47: =G19 -> 0 | G47: =IF(E47=0,"",(E47-F47)/E47) | I47: =SUM(J47:AH47) -> 0
B48: =B20 -> 0 | C48: ครอบข้างซิมเลท | D48: =D20 -> 0 | E48: =G20 -> 0 | G48: =IF(E48=0,"",(E48-F48)/E48) | I48: =SUM(J48:AH48) -> 0
B49: =B21 -> 0 | C49: ครอบข้างปิดปลายซิมเลท | D49: =D21 -> 0 | E49: =G21 -> 0 | G49: =IF(E49=0,"",(E49-F49)/E49) | I49: =SUM(J49:AH49) -> 0
B50: =B22 -> 0 | C50: ครอบหัวผนัง | D50: =D22 -> 0 | E50: =G22 -> 0 | G50: =IF(E50=0,"",(E50-F50)/E50) | I50: =SUM(J50:AH50) -> 0
B51: =B23 -> 0 | C51: ครอบข้างผนัง | D51: =D23 -> 0 | E51: =G23 -> 0 | G51: =IF(E51=0,"",(E51-F51)/E51) | I51: =SUM(J51:AH51) -> 0
B52: =B24 -> 0 | C52: ครอบปั้นลม | D52: =D24 -> 0 | E52: =G24 -> 0 | G52: =IF(E52=0,"",(E52-F52)/E52) | I52: =SUM(J52:AH52) -> 0
B53: =B25 -> 0 | C53: ครอบปิดปลายปั้นลม | D53: =D25 -> 0 | E53: =G25 -> 0 | G53: =IF(E53=0,"",(E53-F53)/E53) | I53: =SUM(J53:AH53) -> 0
A54: รวมกะที่ 2 | E54: =SUM(E44:E53) -> 0 | F54: =SUM(F44:F53) -> 0 | G54: =IF(E54=0,"",(E54-F54)/E54) | I54: =SUM(J54:AH54) -> 0 | J54: =SUM(J44:J53) -> 0 | K54: =SUM(K44:K53) -> 0 | L54: =SUM(L44:L53) -> 0 | M54: =SUM(M44:M53) -> 0 | N54: =SUM(N44:N53) -> 0 | O54: =SUM(O44:O53) -> 0 | P54: =SUM(P44:P53) -> 0 | Q54: =SUM(Q44:Q53) -> 0 | ... AH54: =SUM(AH44:AH53) -> 0
A55: รวมทุกกะ | E55: =E43+E54 -> 15029 | F55: =F43+F54 -> 13555 | G55: =IF(E55=0,"",(E55-F55)/E55) -> 0.098077051 | I55: =SUM(I43,I54) -> 1474 | J55: =SUM(J43,J54) -> 44 | K55: =SUM(K43,K54) -> 302 | L55: =SUM(L43,L54) -> 269 | M55: =SUM(M43,M54) -> 255 | N55: =SUM(N43,N54) -> 0 | O55: =SUM(O43,O54) -> 153 | P55: =SUM(P43,P54) -> 0 | ... AH55: =SUM(AH43,AH54) -> 5
A57: ผู้ทำรายงาน | E57: หม.ผลิต | I57: หง.ผ | P57: หม.จัดบรรทุก | W57: พ.จ่ายสินค้า | AF57: ผร.
A59: สำเนาเรียน : หัวหน้างานวางแผนผลิต, พนักงานควบคุมคุณภาพ | AI59: GN-F-PD-212 (1 พฤศจิกายน 2551)

Sheet 15
A1: รายงานการผลิตครอบประจำวัน | F1: ครอบ Prestige โรงงานสระบุรี 2/3 | L1: สัปดาห์ที่ | M1: 00/69 | Q1: วันที่ผลิต | R1: 244576 | V1: MATERIAL DOCUMENT NO
E2: จำนวนที่ผลิต | I2: ปริมาณการใช้วัตถุดิบ | P2: เถ้าลอย | R2: ปูนซีเมนต์ | T2: ปูนซีเมนต์ | V2: ทราย | X2: ทราย | Z2: Water Base | AB2: MOULD | AD2: Adva | AF2: สีพื้น | AH2: สีเหลือบ | AJ2: สีเหลือบ
A3: กะที่ | B3: LOT NO. | C3: ลอน | D3: สี | E3: (แผ่น) | R3: ผสมตัว | T3: ผสมสี | V3: ผสมตัว | X3: ผสมสี | Z3: Spray | AB3: OIL | AH3: 1 | AJ3: 2
E4: Plan | F4: Counter | G4: ห้องบ่ม | H4: Wet Reject | P4: (ตัน) | R4: (ตัน) | T4: (ตัน) | V4: (ตัน) | X4: (ตัน) | Z4: (ลิตร) | AB4: (ลิตร) | AD4: (ลิตร) | AF4: (แผ่น/ถัง) | AH4: (แผ่น/ถัง) | AJ4: (แผ่น/ถัง)
B5: I11690828 | C5: ครอบสัน | D5: มิดไนท์บลู*N | E5: 1600 | F5: 2262 | G5: 2067 | H5: =IF(F5=0,"",(F5-G5)/F5) -> 0.086206897 | I5: ปริมาณการใช้กะ 1 | P5: 2.988 | R5: 9.022 | T5: 1.013 | V5: 23.584 | X5: 0.592 | Z5: =70+200+128 -> 398 | AB5: 44 | AD5: =SUM(AF5:AK5)*0.025 -> 2.075 | AF5: =14+14+14+8+14+14+5 -> 83 | AH5: 0 | AJ5: 0
A6: 1 | C6: ครอบปิดจั่ว | H6: =IF(F6=0,"",(F6-G6)/F6) | I6: คำนวณจาก Counter (ต่อพันแผ่น) | P6: =IF($F$15=0,0,P5*1000/$F$15) -> 0.25854461 | R6: =IF($F$15=0,0,R5*1000/$F$15) -> 0.78065242 | T6: =IF($F$15=0,0,T5*1000/$F$15) -> 0.087652505 | V6: =IF($F$15=0,0,V5*1000/$F$15) -> 2.040668 | X6: =IF($F$15=0,0,X5*1000/$F$15) -> 0.051224366 | Z6: =IF($F$15=0,0,Z5*1000/$F$15) -> 34.438003 | AB6: =IF($F$15=0,0,AB5*1000/$F$15) -> 3.8072164 | AD6: =IF($F$15=0,0,AD5*1000/$F$15) -> 0.17954486 | AF6: =IF(AF5=0,0,F15/AF5) -> 139.24096 | AH6: =IF(AH5=0,0,F15/AH5) -> 0 | AJ6: =IF(AJ5=0,0,F15/AJ5) -> 0
B7: I13690828 | C7: ครอบตะเข้ | D7: มิดไนท์บลู*N | E7: 2800 | F7: 6638 | G7: 6296 | H7: =IF(F7=0,"",(F7-G7)/F7) -> 0.051521543 | I7: คำนวณจาก ห้องบ่ม (ต่อพันแผ่น) | P7: =IF($G$15=0,0,P5*1000/$G$15) -> 0.27891347 | R7: =IF($G$15=0,0,R5*1000/$G$15) -> 0.84215439 | T7: =IF($G$15=0,0,T5*1000/$G$15) -> 0.094558014 | V7: =IF($G$15=0,0,V5*1000/$G$15) -> 2.2014375 | X7: =IF($G$15=0,0,X5*1000/$G$15) -> 0.055259965 | Z7: =IF($G$15=0,0,Z5*1000/$G$15) -> 37.151125 | AB7: =IF($G$15=0,0,AB5*1000/$G$15) -> 4.1071595 | AD7: =IF($G$15=0,0,AD5*1000/$G$15) -> 0.19368991 | AF7: =IF(AF5=0,0,G15/AF5) -> 129.07229 | AH7: =IF(AH5=0,0,G15/AH5) -> 0 | AJ7: =IF(AJ5=0,0,G15/AJ5) -> 0
B8: I14690828 | C8: ครอบปิดปลายตะเข้ | D8: มิดไนท์บลู*N | E8: 800 | F8: 846 | G8: 794 | H8: =IF(F8=0,"",(F8-G8)/F8) -> 0.061465721 | I8: ใช้ปูน ( Batch) | P8: =21+26+14+19+55 -> 135
B9: I15690828 | C9: ครอบข้างซิมเลท | D9: มิดไนท์บลู*N | E9: 1600 | F9: 1811 | G9: 1556 | H9: =IF(F9=0,"",(F9-G9)/F9) -> 0.14080618 | I9: ทิ้งปูน (Batct)
C10: ครอบข้างปิดปลายซิมเลท | H10: =IF(F10=0,"",(F10-G10)/F10) | I10: ทิ้งสีพื้น (ถัง)
C11: ครอบหัวผนัง | H11: =IF(F11=0,"",(F11-G11)/F11) | I11: ทิ้งสีเหลือบ (ถัง)
C12: ครอบข้างผนัง | H12: =IF(F12=0,"",(F12-G12)/F12) | I12: ใช้ผ้า (ผืน) | P12: =4+5+7+5+3+3+3+4+5+3+5 -> 47
C13: ครอบปั้นลม | H13: =IF(F13=0,"",(F13-G13)/F13) | I13: ใช้ผ้า (แผ่น/ผืน) | P13: =F15/P12 -> 245.89362
C14: ครอบปิดปลายปั้นลม | H14: =IF(F14=0,"",(F14-G14)/F14) | I14: ใช้ตะแกรง (แผ่น) | P14: 7
A15: รวมกะที่ 1 | E15: =SUM(E5:E14) -> 6800 | F15: =SUM(F5:F14) -> 11557 | G15: =SUM(G5:G14) -> 10713 | H15: =IF(F15=0,"",(F15-G15)/F15) -> 0.073029333 | I15: ใช้ตะแกรง (แผ่น/ผืน) | P15: =F15/P14 -> 1651
C16: ครอบสัน | H16: =IF(F16=0,"",(F16-G16)/F16) | I16: ปริมาณการใช้กะ 2 | P16: 0 | R16: 0 | T16: 0 | V16: 0 | X16: 0 | Z16: 0 | AB16: 0 | AD16: =SUM(AF16:AK16)*0.025 -> 0 | AF16: 0 | AH16: 0 | AJ16: 0
A17: 2 | C17: ครอบปิดจั่ว | H17: =IF(F17=0,"",(F17-G17)/F17) | I17: คำนวณจาก Counter (ต่อพันแผ่น) | P17: =IF($F$26=0,0,P16*1000/$F$26) -> 0 | R17: =IF($F$26=0,0,R16*1000/$F$26) -> 0 | T17: =IF($F$26=0,0,T16*1000/$F$26) -> 0 | V17: =IF($F$26=0,0,V16*1000/$F$26) -> 0 | X17: =IF($F$26=0,0,X16*1000/$F$26) -> 0 | Z17: =IF($F$26=0,0,Z16*1000/$F$26) -> 0 | AB17: =IF($F$26=0,0,AB16*1000/$F$26) -> 0 | AD17: =IF($F$26=0,0,AD16*1000/$F$26) -> 0 | AF17: =IF($F$26=0,0,AF16*1000/$F$26) -> 0 | AH17: =IF($F$26=0,0,AH16*1000/$F$26) -> 0 | AJ17: =IF($F$26=0,0,AJ16*1000/$F$26) -> 0
C18: ครอบตะเข้ | H18: =IF(F18=0,"",(F18-G18)/F18) | I18: คำนวณจาก ห้องบ่ม (ต่อพันแผ่น) | P18: =IF($G$26=0,0,P16*1000/$G$26) -> 0 | R18: =IF($G$26=0,0,R16*1000/$G$26) -> 0 | T18: =IF($G$26=0,0,T16*1000/$G$26) -> 0 | V18: =IF($G$26=0,0,V16*1000/$G$26) -> 0 | X18: =IF($G$26=0,0,X16*1000/$G$26) -> 0 | Z18: =IF($G$26=0,0,Z16*1000/$G$26) -> 0 | AB18: =IF($G$26=0,0,AB16*1000/$G$26) -> 0 | AD18: =IF($G$26=0,0,AD16*1000/$G$26) -> 0 | AF18: =IF($G$26=0,0,AF16*1000/$G$26) -> 0 | AH18: =IF($G$26=0,0,AH16*1000/$G$26) -> 0 | AJ18: =IF($G$26=0,0,AJ16*1000/$G$26) -> 0
C19: ครอบปิดปลายตะเข้ | H19: =IF(F19=0,"",(F19-G19)/F19) | I19: ใช้ปูน ( Batch)
C20: ครอบข้างซิมเลท | H20: =IF(F20=0,"",(F20-G20)/F20) | I20: ทิ้งปูน (Batct)
C21: ครอบข้างปิดปลายซิมเลท | H21: =IF(F21=0,"",(F21-G21)/F21) | I21: ทิ้งสีพื้น (ถัง)
C22: ครอบหัวผนัง | H22: =IF(F22=0,"",(F22-G22)/F22) | I22: ทิ้งสีเหลือบ (ถัง)
C23: ครอบข้างผนัง | H23: =IF(F23=0,"",(F23-G23)/F23) | I23: ใช้ผ้า (ผืน)
C24: ครอบปั้นลม | H24: =IF(F24=0,"",(F24-G24)/F24) | I24: ใช้ผ้า (แผ่น/ผืน) | P24: =F26/P23 -> #DIV/0!
C25: ครอบปิดปลายปั้นลม | H25: =IF(F25=0,"",(F25-G25)/F25) | I25: ใช้ตะแกรง (แผ่น)
A26: รวมกะที่ 2 | E26: =SUM(E16:E25) -> 0 | F26: =SUM(F16:F25) -> 0 | G26: =SUM(G16:G25) -> 0 | H26: =IF(F26=0,"",(F26-G26)/F26) | I26: ใช้ตะแกรง (แผ่น/ผืน) | P26: =F26/P25 -> #DIV/0!
I27: ปริมาณการใช้รวม | P27: =SUM(P5,P16) -> 2.988 | R27: =SUM(R5,R16) -> 9.022 | T27: =SUM(T5,T16) -> 1.013 | V27: =SUM(V5,V16) -> 23.584 | X27: =SUM(X5,X16) -> 0.592 | Z27: =SUM(Z5,Z16) -> 398 | AB27: =SUM(AB5,AB16) -> 44 | AD27: =SUM(AD5,AD16) -> 2.075 | AF27: =SUM(AF5,AF16) -> 83 | AH27: =SUM(AH5,AH16) -> 0 | AJ27: =SUM(AJ5,AJ16) -> 0
A28: รวมทุกกะ | E28: =E15+E26 -> 6800 | F28: =F15+F26 -> 11557 | G28: =G15+G26 -> 10713 | H28: =IF(F28=0,"",(F28-G28)/F28) -> 0.073029333 | I28: คำนวณจาก Counter (ต่อพันแผ่น) | P28: =IF($F$28=0,0,P27*1000/$F$28) -> 0.25854461 | R28: =IF($F$28=0,0,R27*1000/$F$28) -> 0.78065242 | T28: =IF($F$28=0,0,T27*1000/$F$28) -> 0.087652505 | V28: =IF($F$28=0,0,V27*1000/$F$28) -> 2.040668 | X28: =IF($F$28=0,0,X27*1000/$F$28) -> 0.051224366 | Z28: =IF($F$28=0,0,Z27*1000/$F$28) -> 34.438003 | AB28: =IF($F$28=0,0,AB27*1000/$F$28) -> 3.8072164 | AD28: =IF($F$28=0,0,AD27*1000/$F$28) -> 0.17954486 | AF28: =IF($F$28=0,0,AF27*1000/$F$28) -> 7.1817946 | AH28: =IF($F$28=0,0,AH27*1000/$F$28) -> 0 | AJ28: =IF($F$28=0,0,AJ27*1000/$F$28) -> 0
I29: คำนวณจาก ห้องบ่ม (ต่อพันแผ่น) | P29: =IF($G$28=0,0,P27*1000/$G$28) -> 0.27891347 | R29: =IF($G$28=0,0,R27*1000/$G$28) -> 0.84215439 | T29: =IF($G$28=0,0,T27*1000/$G$28) -> 0.094558014 | V29: =IF($G$28=0,0,V27*1000/$G$28) -> 2.2014375 | X29: =IF($G$28=0,0,X27*1000/$G$28) -> 0.055259965 | Z29: =IF($G$28=0,0,Z27*1000/$G$28) -> 37.151125 | AB29: =IF($G$28=0,0,AB27*1000/$G$28) -> 4.1071595 | AD29: =IF($G$28=0,0,AD27*1000/$G$28) -> 0.19368991 | AF29: =IF($G$28=0,0,AF27*1000/$G$28) -> 7.7475964 | AH29: =IF($G$28=0,0,AH27*1000/$G$28) -> 0 | AJ29: =IF($G$28=0,0,AJ27*1000/$G$28) -> 0
A31: รายงานการแกะครอบ | I31: รายละเอียดครอบเสีย | AI31: แผ่นดีนำไปกองเก็บจำนวนไม้ / แผ่น | AK31: หมายเหตุ
A32: กะที่ | B32: LOT NO. | C32: ลอน | D32: สี | E32: จำนวนที่นำมาแกะ | F32: แผ่นดี | G32: Reject | I32: แผ่นเสีย | J32: ร้าวผิว ตัวกระเบื้อง | K32: ร้าว รางลิ้นหงาย | L32: ร้าว ล่างรางลิ้นคว่ำ | M32: ร้าว ล่างตัวครอบ | N32: ร้าว ชายกระเบื้อง | O32: ร้าว เขื่อนรางลิ้นหงาย | P32: ร้าว เขื่อนรางลิ้นคว่ำ | Q32: บิ่นแหว่ง | R32: ผิวครอบปูดบวม | S32: ผิวครอบไม่เรียบ | T32: ขอบไม่คม / ไม่เรียบ | U32: รูพรุน | V32: แตกรูตะปู | W32: เนื้อแหว่งใต้ครอบ | X32: ปูนติดโมล | Y32: สี Salary ไม่เต็ม | Z32: สีเป็นเม็ด | AA32: สีพอง | AB32: สีด้าน | AC32: สีหยด | AD32: สีปูด | AE32: ครอบบาง/น้ำหนักเบา | AF32: ยกชน Rack | AG32: รถยกชน | AH32: อื่นๆ
B33: =B5 -> I11690828 | C33: ครอบสัน | D33: =D5 -> มิดไนท์บลู*N | E33: =G5 -> 2067 | F33: =144*9+69+6 -> 1371 | G33: =IF(E33=0,"",(E33-F33)/E33) -> 0.33671988 | I33: =SUM(J33:AH33) -> 696 | K33: =8+30+14 -> 52 | L33: =20+25+10+1+15 -> 71 | Q33: =15 -> 15 | V33: =15+25+30+34+35+25+35+20+30 -> 249 | W33: 297 | Y33: =7+5 -> 12 | AI33: 144*9+ศ.69+QC6 | AK33: จบ Lot. ส่งวันที่ 18/8/69
B34: =B6 -> 0 | C34: ครอบปิดจั่ว | D34: =D6 -> 0 | E34: =G6 -> 0 | G34: =IF(E34=0,"",(E34-F34)/E34) | I34: =SUM(J34:AH34) -> 0
B35: =B7 -> I13690828 | C35: ครอบตะเข้ | D35: =D7 -> มิดไนท์บลู*N | E35: =G7 -> 6296 | F35: =210*28+94+6 -> 5980 | G35: =IF(E35=0,"",(E35-F35)/E35) -> 0.050190597 | I35: =SUM(J35:AH35) -> 316 | K35: =9+3 -> 12 | L35: =5+2+11+15+22+18+5 -> 78 | Q35: =2+12+1+10 -> 25 | R35: =12+9 -> 21 | V35: =14+25 -> 39 | W35: =25+25+23 -> 73 | AB35: =15+17+18 -> 50 | AC35: =5+5+8 -> 18 | AI35: 210*28+ศ.94+QC6 | AK35: จบ Lot. ส่งวันที่ 18/8/69
A36: 1 | B36: =B8 -> I14690828 | C36: ครอบปิดปลายตะเข้ | D36: =D8 -> มิดไนท์บลู*N | E36: =G8 -> 794 | F36: =140*5+7+6 -> 713 | G36: =IF(E36=0,"",(E36-F36)/E36) -> 0.10201511 | I36: =SUM(J36:AH36) -> 81 | K36: =25+20 -> 45 | L36: =4+25 -> 29 | AB36: =2 -> 2 | AC36: =5 -> 5 | AI36: 140*5+ศ.7+QC6 | AK36: จบ Lot. ส่งวันที่ 18/8/69
B37: =B9 -> I15690828 | C37: ครอบข้างซิมเลท | D37: =D9 -> มิดไนท์บลู*N | E37: =G9 -> 1556 | F37: =280*4+225+6 -> 1351 | G37: =IF(E37=0,"",(E37-F37)/E37) -> 0.13174807 | I37: =SUM(J37:AH37) -> 205 | K37: =12+10+25+4 -> 51 | L37: 143 | Q37: =3 -> 3 | AB37: =8 -> 8 | AI37: 280*4+ศ.225+QC6 | AK37: จบ Lot. ส่งวันที่ 18/8/69
B38: =B10 -> 0 | C38: ครอบข้างปิดปลายซิมเลท | D38: =D10 -> 0 | E38: =G10 -> 0 | G38: =IF(E38=0,"",(E38-F38)/E38) | I38: =SUM(J38:AH38) -> 0
B39: =B11 -> 0 | C39: ครอบหัวผนัง | D39: =D11 -> 0 | E39: =G11 -> 0 | G39: =IF(E39=0,"",(E39-F39)/E39) | I39: =SUM(J39:AH39) -> 0
B40: =B12 -> 0 | C40: ครอบข้างผนัง | D40: =D12 -> 0 | E40: =G12 -> 0 | G40: =IF(E40=0,"",(E40-F40)/E40) | I40: =SUM(J40:AH40) -> 0
B41: =B13 -> 0 | C41: ครอบปั้นลม | D41: =D13 -> 0 | E41: =G13 -> 0 | G41: =IF(E41=0,"",(E41-F41)/E41) | I41: =SUM(J41:AH41) -> 0
B42: =B14 -> 0 | C42: ครอบปิดปลายปั้นลม | D42: =D14 -> 0 | E42: =G14 -> 0 | G42: =IF(E42=0,"",(E42-F42)/E42) | I42: =SUM(J42:AH42) -> 0
A43: รวมกะที่ 1 | E43: =SUM(E33:E42) -> 10713 | F43: =SUM(F33:F42) -> 9415 | G43: =IF(E43=0,"",(E43-F43)/E43) -> 0.12116121 | I43: =SUM(J43:AH43) -> 1298 | J43: =SUM(J33:J42) -> 0 | K43: =SUM(K33:K42) -> 160 | L43: =SUM(L33:L42) -> 321 | M43: =SUM(M33:M42) -> 0 | N43: =SUM(N33:N42) -> 0 | O43: =SUM(O33:O42) -> 0 | P43: =SUM(P33:P42) -> 0 | Q43: =SUM(Q33:Q42) -> 43 | ... AH43: =SUM(AH33:AH42) -> 0
B44: =B16 -> 0 | C44: ครอบสัน | D44: =D16 -> 0 | E44: =G16 -> 0 | G44: =IF(E44=0,"",(E44-F44)/E44) | I44: =SUM(J44:AH44) -> 0
B45: =B17 -> 0 | C45: ครอบปิดจั่ว | D45: =D17 -> 0 | E45: =G17 -> 0 | G45: =IF(E45=0,"",(E45-F45)/E45) | I45: =SUM(J45:AH45) -> 0
A46: 2 | B46: =B18 -> 0 | C46: ครอบตะเข้ | D46: =D18 -> 0 | E46: =G18 -> 0 | G46: =IF(E46=0,"",(E46-F46)/E46) | I46: =SUM(J46:AH46) -> 0
B47: =B19 -> 0 | C47: ครอบปิดปลายตะเข้ | D47: =D19 -> 0 | E47: =G19 -> 0 | G47: =IF(E47=0,"",(E47-F47)/E47) | I47: =SUM(J47:AH47) -> 0
B48: =B20 -> 0 | C48: ครอบข้างซิมเลท | D48: =D20 -> 0 | E48: =G20 -> 0 | G48: =IF(E48=0,"",(E48-F48)/E48) | I48: =SUM(J48:AH48) -> 0
B49: =B21 -> 0 | C49: ครอบข้างปิดปลายซิมเลท | D49: =D21 -> 0 | E49: =G21 -> 0 | G49: =IF(E49=0,"",(E49-F49)/E49) | I49: =SUM(J49:AH49) -> 0
B50: =B22 -> 0 | C50: ครอบหัวผนัง | D50: =D22 -> 0 | E50: =G22 -> 0 | G50: =IF(E50=0,"",(E50-F50)/E50) | I50: =SUM(J50:AH50) -> 0
B51: =B23 -> 0 | C51: ครอบข้างผนัง | D51: =D23 -> 0 | E51: =G23 -> 0 | G51: =IF(E51=0,"",(E51-F51)/E51) | I51: =SUM(J51:AH51) -> 0
B52: =B24 -> 0 | C52: ครอบปั้นลม | D52: =D24 -> 0 | E52: =G24 -> 0 | G52: =IF(E52=0,"",(E52-F52)/E52) | I52: =SUM(J52:AH52) -> 0
B53: =B25 -> 0 | C53: ครอบปิดปลายปั้นลม | D53: =D25 -> 0 | E53: =G25 -> 0 | G53: =IF(E53=0,"",(E53-F53)/E53) | I53: =SUM(J53:AH53) -> 0
A54: รวมกะที่ 2 | E54: =SUM(E44:E53) -> 0 | F54: =SUM(F44:F53) -> 0 | G54: =IF(E54=0,"",(E54-F54)/E54) | I54: =SUM(J54:AH54) -> 0 | J54: =SUM(J44:J53) -> 0 | K54: =SUM(K44:K53) -> 0 | L54: =SUM(L44:L53) -> 0 | M54: =SUM(M44:M53) -> 0 | N54: =SUM(N44:N53) -> 0 | O54: =SUM(O44:O53) -> 0 | P54: =SUM(P44:P53) -> 0 | Q54: =SUM(Q44:Q53) -> 0 | ... AH54: =SUM(AH44:AH53) -> 0
A55: รวมทุกกะ | E55: =E43+E54 -> 10713 | F55: =F43+F54 -> 9415 | G55: =IF(E55=0,"",(E55-F55)/E55) -> 0.12116121 | I55: =SUM(I43,I54) -> 1298 | J55: =SUM(J43,J54) -> 0 | K55: =SUM(K43,K54) -> 160 | L55: =SUM(L43,L54) -> 321 | M55: =SUM(M43,M54) -> 0 | N55: =SUM(N43,N54) -> 0 | O55: =SUM(O43,O54) -> 0 | P55: =SUM(P43,P54) -> 0 | ... AH55: =SUM(AH43,AH54) -> 0
A57: ผู้ทำรายงาน | E57: หม.ผลิต | I57: หง.ผ | P57: หม.จัดบรรทุก | W57: พ.จ่ายสินค้า | AF57: ผร.
A59: สำเนาเรียน : หัวหน้างานวางแผนผลิต, พนักงานควบคุมคุณภาพ | AI59: GN-F-PD-212 (1 พฤศจิกายน 2551)

Sheet 16
A1: รายงานการผลิตครอบประจำวัน | F1: ครอบ Prestige โรงงานสระบุรี 2/3 | L1: สัปดาห์ที่ | M1: 00/69 | Q1: วันที่ผลิต | R1: 00/08/2569 | V1: MATERIAL DOCUMENT NO
E2: จำนวนที่ผลิต | I2: ปริมาณการใช้วัตถุดิบ | P2: เถ้าลอย | R2: ปูนซีเมนต์ | T2: ปูนซีเมนต์ | V2: ทราย | X2: ทราย | Z2: Water Base | AB2: MOULD | AD2: Adva | AF2: สีพื้น | AH2: สีเหลือบ | AJ2: สีเหลือบ
A3: กะที่ | B3: LOT NO. | C3: ลอน | D3: สี | E3: (แผ่น) | R3: ผสมตัว | T3: ผสมสี | V3: ผสมตัว | X3: ผสมสี | Z3: Spray | AB3: OIL | AH3: 1 | AJ3: 2
E4: Plan | F4: Counter | G4: ห้องบ่ม | H4: Wet Reject | P4: (ตัน) | R4: (ตัน) | T4: (ตัน) | V4: (ตัน) | X4: (ตัน) | Z4: (ลิตร) | AB4: (ลิตร) | AD4: (ลิตร) | AF4: (แผ่น/ถัง) | AH4: (แผ่น/ถัง) | AJ4: (แผ่น/ถัง)
C5: ครอบสัน | H5: =IF(F5=0,"",(F5-G5)/F5) | I5: ปริมาณการใช้กะ 1 | P5: 0 | R5: 0 | T5: 0 | V5: 0 | X5: 0 | Z5: 0 | AB5: 0 | AD5: =SUM(AF5:AK5)*0.025 -> 0 | AF5: 0 | AH5: 0 | AJ5: 0
A6: 1 | C6: ครอบปิดจั่ว | H6: =IF(F6=0,"",(F6-G6)/F6) | I6: คำนวณจาก Counter (ต่อพันแผ่น) | P6: =IF($F$15=0,0,P5*1000/$F$15) -> 0 | R6: =IF($F$15=0,0,R5*1000/$F$15) -> 0 | T6: =IF($F$15=0,0,T5*1000/$F$15) -> 0 | V6: =IF($F$15=0,0,V5*1000/$F$15) -> 0 | X6: =IF($F$15=0,0,X5*1000/$F$15) -> 0 | Z6: =IF($F$15=0,0,Z5*1000/$F$15) -> 0 | AB6: =IF($F$15=0,0,AB5*1000/$F$15) -> 0 | AD6: =IF($F$15=0,0,AD5*1000/$F$15) -> 0 | AF6: =IF(AF5=0,0,F15/AF5) -> 0 | AH6: =IF(AH5=0,0,F15/AH5) -> 0 | AJ6: =IF(AJ5=0,0,F15/AJ5) -> 0
C7: ครอบตะเข้ | H7: =IF(F7=0,"",(F7-G7)/F7) | I7: คำนวณจาก ห้องบ่ม (ต่อพันแผ่น) | P7: =IF($G$15=0,0,P5*1000/$G$15) -> 0 | R7: =IF($G$15=0,0,R5*1000/$G$15) -> 0 | T7: =IF($G$15=0,0,T5*1000/$G$15) -> 0 | V7: =IF($G$15=0,0,V5*1000/$G$15) -> 0 | X7: =IF($G$15=0,0,X5*1000/$G$15) -> 0 | Z7: =IF($G$15=0,0,Z5*1000/$G$15) -> 0 | AB7: =IF($G$15=0,0,AB5*1000/$G$15) -> 0 | AD7: =IF($G$15=0,0,AD5*1000/$G$15) -> 0 | AF7: =IF(AF5=0,0,G15/AF5) -> 0 | AH7: =IF(AH5=0,0,G15/AH5) -> 0 | AJ7: =IF(AJ5=0,0,G15/AJ5) -> 0
C8: ครอบปิดปลายตะเข้ | H8: =IF(F8=0,"",(F8-G8)/F8) | I8: ใช้ปูน ( Batch)
C9: ครอบข้างซิมเลท | H9: =IF(F9=0,"",(F9-G9)/F9) | I9: ทิ้งปูน (Batct)
C10: ครอบข้างปิดปลายซิมเลท | H10: =IF(F10=0,"",(F10-G10)/F10) | I10: ทิ้งสีพื้น (ถัง)
C11: ครอบหัวผนัง | H11: =IF(F11=0,"",(F11-G11)/F11) | I11: ทิ้งสีเหลือบ (ถัง)
C12: ครอบข้างผนัง | H12: =IF(F12=0,"",(F12-G12)/F12) | I12: ใช้ผ้า (ผืน)
C13: ครอบปั้นลม | H13: =IF(F13=0,"",(F13-G13)/F13) | I13: ใช้ผ้า (แผ่น/ผืน) | P13: =F15/P12 -> #DIV/0!
C14: ครอบปิดปลายปั้นลม | H14: =IF(F14=0,"",(F14-G14)/F14) | I14: ใช้ตะแกรง (แผ่น)
A15: รวมกะที่ 1 | E15: =SUM(E5:E14) -> 0 | F15: =SUM(F5:F14) -> 0 | G15: =SUM(G5:G14) -> 0 | H15: =IF(F15=0,"",(F15-G15)/F15) | I15: ใช้ตะแกรง (แผ่น/ผืน) | P15: =F15/P14 -> #DIV/0!
C16: ครอบสัน | H16: =IF(F16=0,"",(F16-G16)/F16) | I16: ปริมาณการใช้กะ 2 | P16: 0 | R16: 0 | T16: 0 | V16: 0 | X16: 0 | Z16: 0 | AB16: 0 | AD16: =SUM(AF16:AK16)*0.025 -> 0 | AF16: 0 | AH16: 0 | AJ16: 0
A17: 2 | C17: ครอบปิดจั่ว | H17: =IF(F17=0,"",(F17-G17)/F17) | I17: คำนวณจาก Counter (ต่อพันแผ่น) | P17: =IF($F$26=0,0,P16*1000/$F$26) -> 0 | R17: =IF($F$26=0,0,R16*1000/$F$26) -> 0 | T17: =IF($F$26=0,0,T16*1000/$F$26) -> 0 | V17: =IF($F$26=0,0,V16*1000/$F$26) -> 0 | X17: =IF($F$26=0,0,X16*1000/$F$26) -> 0 | Z17: =IF($F$26=0,0,Z16*1000/$F$26) -> 0 | AB17: =IF($F$26=0,0,AB16*1000/$F$26) -> 0 | AD17: =IF($F$26=0,0,AD16*1000/$F$26) -> 0 | AF17: =IF(AF16=0,0,F26/AF16) -> 0 | AH17: =IF($F$26=0,0,AH16*1000/$F$26) -> 0 | AJ17: =IF($F$26=0,0,AJ16*1000/$F$26) -> 0
C18: ครอบตะเข้ | H18: =IF(F18=0,"",(F18-G18)/F18) | I18: คำนวณจาก ห้องบ่ม (ต่อพันแผ่น) | P18: =IF($G$26=0,0,P16*1000/$G$26) -> 0 | R18: =IF($G$26=0,0,R16*1000/$G$26) -> 0 | T18: =IF($G$26=0,0,T16*1000/$G$26) -> 0 | V18: =IF($G$26=0,0,V16*1000/$G$26) -> 0 | X18: =IF($G$26=0,0,X16*1000/$G$26) -> 0 | Z18: =IF($G$26=0,0,Z16*1000/$G$26) -> 0 | AB18: =IF($G$26=0,0,AB16*1000/$G$26) -> 0 | AD18: =IF($G$26=0,0,AD16*1000/$G$26) -> 0 | AF18: =IF(AF16=0,0,G26/AF16) -> 0 | AH18: =IF($G$26=0,0,AH16*1000/$G$26) -> 0 | AJ18: =IF($G$26=0,0,AJ16*1000/$G$26) -> 0
C19: ครอบปิดปลายตะเข้ | H19: =IF(F19=0,"",(F19-G19)/F19) | I19: ใช้ปูน ( Batch)
C20: ครอบข้างซิมเลท | H20: =IF(F20=0,"",(F20-G20)/F20) | I20: ทิ้งปูน (Batct)
C21: ครอบข้างปิดปลายซิมเลท | H21: =IF(F21=0,"",(F21-G21)/F21) | I21: ทิ้งสีพื้น (ถัง)
C22: ครอบหัวผนัง | H22: =IF(F22=0,"",(F22-G22)/F22) | I22: ทิ้งสีเหลือบ (ถัง)
C23: ครอบข้างผนัง | H23: =IF(F23=0,"",(F23-G23)/F23) | I23: ใช้ผ้า (ผืน)
C24: ครอบปั้นลม | H24: =IF(F24=0,"",(F24-G24)/F24) | I24: ใช้ผ้า (แผ่น/ผืน) | P24: =F26/P23 -> #DIV/0!
C25: ครอบปิดปลายปั้นลม | H25: =IF(F25=0,"",(F25-G25)/F25) | I25: ใช้ตะแกรง (แผ่น)
A26: รวมกะที่ 2 | E26: =SUM(E16:E25) -> 0 | F26: =SUM(F16:F25) -> 0 | G26: =SUM(G16:G25) -> 0 | H26: =IF(F26=0,"",(F26-G26)/F26) | I26: ใช้ตะแกรง (แผ่น/ผืน) | P26: =F26/P25 -> #DIV/0!
I27: ปริมาณการใช้รวม | P27: =SUM(P5,P16) -> 0 | R27: =SUM(R5,R16) -> 0 | T27: =SUM(T5,T16) -> 0 | V27: =SUM(V5,V16) -> 0 | X27: =SUM(X5,X16) -> 0 | Z27: =SUM(Z5,Z16) -> 0 | AB27: =SUM(AB5,AB16) -> 0 | AD27: =SUM(AD5,AD16) -> 0 | AF27: =SUM(AF5,AF16) -> 0 | AH27: =SUM(AH5,AH16) -> 0 | AJ27: =SUM(AJ5,AJ16) -> 0
A28: รวมทุกกะ | E28: =E15+E26 -> 0 | F28: =F15+F26 -> 0 | G28: =G15+G26 -> 0 | H28: =IF(F28=0,"",(F28-G28)/F28) | I28: คำนวณจาก Counter (ต่อพันแผ่น) | P28: =IF($F$28=0,0,P27*1000/$F$28) -> 0 | R28: =IF($F$28=0,0,R27*1000/$F$28) -> 0 | T28: =IF($F$28=0,0,T27*1000/$F$28) -> 0 | V28: =IF($F$28=0,0,V27*1000/$F$28) -> 0 | X28: =IF($F$28=0,0,X27*1000/$F$28) -> 0 | Z28: =IF($F$28=0,0,Z27*1000/$F$28) -> 0 | AB28: =IF($F$28=0,0,AB27*1000/$F$28) -> 0 | AD28: =IF($F$28=0,0,AD27*1000/$F$28) -> 0 | AF28: =IF(AF27=0,0,F28/AF27) -> 0 | AH28: =IF($F$28=0,0,AH27*1000/$F$28) -> 0 | AJ28: =IF($F$28=0,0,AJ27*1000/$F$28) -> 0
I29: คำนวณจาก ห้องบ่ม (ต่อพันแผ่น) | P29: =IF($G$28=0,0,P27*1000/$G$28) -> 0 | R29: =IF($G$28=0,0,R27*1000/$G$28) -> 0 | T29: =IF($G$28=0,0,T27*1000/$G$28) -> 0 | V29: =IF($G$28=0,0,V27*1000/$G$28) -> 0 | X29: =IF($G$28=0,0,X27*1000/$G$28) -> 0 | Z29: =IF($G$28=0,0,Z27*1000/$G$28) -> 0 | AB29: =IF($G$28=0,0,AB27*1000/$G$28) -> 0 | AD29: =IF($G$28=0,0,AD27*1000/$G$28) -> 0 | AF29: =IF(AF27=0,0,G28/AF27) -> 0 | AH29: =IF($G$28=0,0,AH27*1000/$G$28) -> 0 | AJ29: =IF($G$28=0,0,AJ27*1000/$G$28) -> 0
A31: รายงานการแกะครอบ | I31: รายละเอียดครอบเสีย | AI31: แผ่นดีนำไปกองเก็บจำนวนไม้ / แผ่น | AK31: หมายเหตุ
A32: กะที่ | B32: LOT NO. | C32: ลอน | D32: สี | E32: จำนวนที่นำมาแกะ | F32: แผ่นดี | G32: Reject | I32: แผ่นเสีย | J32: ร้าวผิว ตัวกระเบื้อง | K32: ร้าว รางลิ้นหงาย | L32: ร้าว ล่างรางลิ้นคว่ำ | M32: ร้าว ล่างตัวครอบ | N32: ร้าว ชายกระเบื้อง | O32: ร้าว เขื่อนรางลิ้นหงาย | P32: ร้าว เขื่อนรางลิ้นคว่ำ | Q32: บิ่นแหว่ง | R32: ผิวครอบปูดบวม | S32: ผิวครอบไม่เรียบ | T32: ขอบไม่คม / ไม่เรียบ | U32: รูพรุน | V32: แตกรูตะปู | W32: เนื้อแหว่งใต้ครอบ | X32: ปูนติดโมล | Y32: สี Salary ไม่เต็ม | Z32: สีเป็นเม็ด | AA32: สีพอง | AB32: สีด้าน | AC32: สีหยด | AD32: สีปูด | AE32: ครอบบาง/น้ำหนักเบา | AF32: ยกชน Rack | AG32: รถยกชน | AH32: อื่นๆ
B33: =B5 -> 0 | C33: ครอบสัน | D33: =D5 -> 0 | E33: =G5 -> 0 | G33: =IF(E33=0,"",(E33-F33)/E33) | I33: =SUM(J33:AH33) -> 0
B34: =B6 -> 0 | C34: ครอบปิดจั่ว | D34: =D6 -> 0 | E34: =G6 -> 0 | G34: =IF(E34=0,"",(E34-F34)/E34) | I34: =SUM(J34:AH34) -> 0
B35: =B7 -> 0 | C35: ครอบตะเข้ | D35: =D7 -> 0 | E35: 0 | G35: =IF(E35=0,"",(E35-F35)/E35) | I35: =SUM(J35:AH35) -> 0
A36: 1 | B36: =B8 -> 0 | C36: ครอบปิดปลายตะเข้ | D36: =D8 -> 0 | E36: =G8 -> 0 | G36: =IF(E36=0,"",(E36-F36)/E36) | I36: =SUM(J36:AH36) -> 0
B37: =B9 -> 0 | C37: ครอบข้างซิมเลท | D37: =D9 -> 0 | E37: =G9 -> 0 | G37: =IF(E37=0,"",(E37-F37)/E37) | I37: =SUM(J37:AH37) -> 0
B38: =B10 -> 0 | C38: ครอบข้างปิดปลายซิมเลท | D38: =D10 -> 0 | E38: =G10 -> 0 | G38: =IF(E38=0,"",(E38-F38)/E38) | I38: =SUM(J38:AH38) -> 0
B39: =B11 -> 0 | C39: ครอบหัวผนัง | D39: =D11 -> 0 | E39: =G11 -> 0 | G39: =IF(E39=0,"",(E39-F39)/E39) | I39: =SUM(J39:AH39) -> 0
B40: =B12 -> 0 | C40: ครอบข้างผนัง | D40: =D12 -> 0 | E40: =G12 -> 0 | G40: =IF(E40=0,"",(E40-F40)/E40) | I40: =SUM(J40:AH40) -> 0
B41: =B13 -> 0 | C41: ครอบปั้นลม | D41: =D13 -> 0 | E41: =G13 -> 0 | G41: =IF(E41=0,"",(E41-F41)/E41) | I41: =SUM(J41:AH41) -> 0
B42: =B14 -> 0 | C42: ครอบปิดปลายปั้นลม | D42: =D14 -> 0 | E42: =G14 -> 0 | G42: =IF(E42=0,"",(E42-F42)/E42) | I42: =SUM(J42:AH42) -> 0
A43: รวมกะที่ 1 | E43: =SUM(E33:E42) -> 0 | F43: =SUM(F33:F42) -> 0 | G43: =IF(E43=0,"",(E43-F43)/E43) | I43: =SUM(J43:AH43) -> 0 | J43: =SUM(J33:J42) -> 0 | K43: =SUM(K33:K42) -> 0 | L43: =SUM(L33:L42) -> 0 | M43: =SUM(M33:M42) -> 0 | N43: =SUM(N33:N42) -> 0 | O43: =SUM(O33:O42) -> 0 | P43: =SUM(P33:P42) -> 0 | Q43: =SUM(Q33:Q42) -> 0 | ... AH43: =SUM(AH33:AH42) -> 0
B44: =B16 -> 0 | C44: ครอบสัน | D44: =D16 -> 0 | E44: =G16 -> 0 | G44: =IF(E44=0,"",(E44-F44)/E44) | I44: =SUM(J44:AH44) -> 0
B45: =B17 -> 0 | C45: ครอบปิดจั่ว | D45: =D17 -> 0 | E45: =G17 -> 0 | G45: =IF(E45=0,"",(E45-F45)/E45) | I45: =SUM(J45:AH45) -> 0
A46: 2 | B46: =B18 -> 0 | C46: ครอบตะเข้ | D46: =D18 -> 0 | E46: =G18 -> 0 | G46: =IF(E46=0,"",(E46-F46)/E46) | I46: =SUM(J46:AH46) -> 0
B47: =B19 -> 0 | C47: ครอบปิดปลายตะเข้ | D47: =D19 -> 0 | E47: =G19 -> 0 | G47: =IF(E47=0,"",(E47-F47)/E47) | I47: =SUM(J47:AH47) -> 0
B48: =B20 -> 0 | C48: ครอบข้างซิมเลท | D48: =D20 -> 0 | E48: =G20 -> 0 | G48: =IF(E48=0,"",(E48-F48)/E48) | I48: =SUM(J48:AH48) -> 0
B49: =B21 -> 0 | C49: ครอบข้างปิดปลายซิมเลท | D49: =D21 -> 0 | E49: =G21 -> 0 | G49: =IF(E49=0,"",(E49-F49)/E49) | I49: =SUM(J49:AH49) -> 0
B50: =B22 -> 0 | C50: ครอบหัวผนัง | D50: =D22 -> 0 | E50: =G22 -> 0 | G50: =IF(E50=0,"",(E50-F50)/E50) | I50: =SUM(J50:AH50) -> 0
B51: =B23 -> 0 | C51: ครอบข้างผนัง | D51: =D23 -> 0 | E51: =G23 -> 0 | G51: =IF(E51=0,"",(E51-F51)/E51) | I51: =SUM(J51:AH51) -> 0
B52: =B24 -> 0 | C52: ครอบปั้นลม | D52: =D24 -> 0 | E52: =G24 -> 0 | G52: =IF(E52=0,"",(E52-F52)/E52) | I52: =SUM(J52:AH52) -> 0
B53: =B25 -> 0 | C53: ครอบปิดปลายปั้นลม | D53: =D25 -> 0 | E53: =G25 -> 0 | G53: =IF(E53=0,"",(E53-F53)/E53) | I53: =SUM(J53:AH53) -> 0
A54: รวมกะที่ 2 | E54: =SUM(E44:E53) -> 0 | F54: =SUM(F44:F53) -> 0 | G54: =IF(E54=0,"",(E54-F54)/E54) | I54: =SUM(J54:AH54) -> 0 | J54: =SUM(J44:J53) -> 0 | K54: =SUM(K44:K53) -> 0 | L54: =SUM(L44:L53) -> 0 | M54: =SUM(M44:M53) -> 0 | N54: =SUM(N44:N53) -> 0 | O54: =SUM(O44:O53) -> 0 | P54: =SUM(P44:P53) -> 0 | Q54: =SUM(Q44:Q53) -> 0 | ... AH54: =SUM(AH44:AH53) -> 0
A55: รวมทุกกะ | E55: =E43+E54 -> 0 | F55: =F43+F54 -> 0 | G55: =IF(E55=0,"",(E55-F55)/E55) | I55: =SUM(I43,I54) -> 0 | J55: =SUM(J43,J54) -> 0 | K55: =SUM(K43,K54) -> 0 | L55: =SUM(L43,L54) -> 0 | M55: =SUM(M43,M54) -> 0 | N55: =SUM(N43,N54) -> 0 | O55: =SUM(O43,O54) -> 0 | P55: =SUM(P43,P54) -> 0 | ... AH55: =SUM(AH43,AH54) -> 0
A57: ผู้ทำรายงาน | E57: หม.ผลิต | I57: หง.ผ | P57: หม.จัดบรรทุก | W57: พ.จ่ายสินค้า | AF57: ผร.
A59: สำเนาเรียน : หัวหน้างานวางแผนผลิต, พนักงานควบคุมคุณภาพ | AI59: GN-F-PD-212 (1 พฤศจิกายน 2551)

Sheet 17
A1: รายงานการผลิตครอบประจำวัน | F1: ครอบ Prestige โรงงานสระบุรี 2/3 | L1: สัปดาห์ที่ | M1: 00/69 | Q1: วันที่ผลิต | R1: 244578 | V1: MATERIAL DOCUMENT NO
E2: จำนวนที่ผลิต | I2: ปริมาณการใช้วัตถุดิบ | P2: เถ้าลอย | R2: ปูนซีเมนต์ | T2: ปูนซีเมนต์ | V2: ทราย | X2: ทราย | Z2: Water Base | AB2: MOULD | AD2: Adva | AF2: สีพื้น | AH2: สีเหลือบ | AJ2: สีเหลือบ
A3: กะที่ | B3: LOT NO. | C3: ลอน | D3: สี | E3: (แผ่น) | R3: ผสมตัว | T3: ผสมสี | V3: ผสมตัว | X3: ผสมสี | Z3: Spray | AB3: OIL | AH3: 1 | AJ3: 2
E4: Plan | F4: Counter | G4: ห้องบ่ม | H4: Wet Reject | P4: (ตัน) | R4: (ตัน) | T4: (ตัน) | V4: (ตัน) | X4: (ตัน) | Z4: (ลิตร) | AB4: (ลิตร) | AD4: (ลิตร) | AF4: (แผ่น/ถัง) | AH4: (แผ่น/ถัง) | AJ4: (แผ่น/ถัง)
B5: I11690829 | C5: ครอบสัน | D5: มิดไนท์บลู*N | E5: 2000 | F5: 2430 | G5: 2199 | H5: =IF(F5=0,"",(F5-G5)/F5) -> 0.095061728 | I5: ปริมาณการใช้กะ 1 | P5: 2.248 | R5: 6.797 | T5: 0.653 | V5: 18.191 | X5: 0.374 | Z5: =72+200 -> 272 | AB5: 37 | AD5: =SUM(AF5:AK5)*0.025 -> 1.35 | AF5: =14+14+14+12 -> 54 | AH5: 0 | AJ5: 0
A6: 1 | C6: ครอบปิดจั่ว | H6: =IF(F6=0,"",(F6-G6)/F6) | I6: คำนวณจาก Counter (ต่อพันแผ่น) | P6: =IF($F$15=0,0,P5*1000/$F$15) -> 0.24914108 | R6: =IF($F$15=0,0,R5*1000/$F$15) -> 0.75329713 | T6: =IF($F$15=0,0,T5*1000/$F$15) -> 0.072370608 | V6: =IF($F$15=0,0,V5*1000/$F$15) -> 2.01607 | X6: =IF($F$15=0,0,X5*1000/$F$15) -> 0.041449629 | Z6: =IF($F$15=0,0,Z5*1000/$F$15) -> 30.145185 | AB6: =IF($F$15=0,0,AB5*1000/$F$15) -> 4.1006317 | AD6: =IF($F$15=0,0,AD5*1000/$F$15) -> 0.14961764 | AF6: =IF(AF5=0,0,F15/AF5) -> 167.09259 | AH6: =IF(AH5=0,0,F15/AH5) -> 0 | AJ6: =IF(AJ5=0,0,F15/AJ5) -> 0
